fips,total_pop_age_sex,median_age,sex_ratio_males,under_18_percent,over_18_percent,over_65_percent,county,state,total_hh,median_hh_income,mean_hh_income,total_families,median_family_income,mean_family_income,tot_pop_race_ethnicity,tot_white,tot_black_af_am,tot_aminalnat,tot_asian,tot_hawopi,total_pop_poverty,pop_below_poverty,percent_below_poverty,smoking_ban_2010,asian_2019,avg_family_size_2019,black_2019,hispanic_2019,household_has_broadband_2019,household_has_computer_2019,household_has_smartphone_2019,households_2019,households_speak_limited_english_2019,housing_mobile_homes_2019,hs_grad_2019,median_household_income_2019,median_individual_income_2019,native_2019,other_single_race_2019,pac_isl_2019,persons_per_household_2019,pop_2019,unemployment_rate_2019,uninsured_2019,veterans_2019,white_2019,white_not_hispanic_2019,rural_urban_continuum_code_2013,Metro2013,retirement_destination_2015_update,metro_adjacent_2013,average_2011_upper_bound_pct_obesity,FIPS,heart_disease_prev_100K
48001,57810.0,39.3,155.7,19.5,80.5,14.3,Anderson County, Texas,16677.0,43455.0,56912.0,11602.0,53519.0,64282.0,57810.0,42217.0,12124.0,317.0,321.0,9.0,44348.0,6598.0,14.9,none,0.6,3.21,21.0,17.8,67.9,63.0,73.9,16677.0,3.2,30.4,81.3,43455.0,23143.0,0.5,3.3,0.0,2.66,57810.0,3.3,14.5,8.7,73.0,58.9,7.0,0.0,0.0,0.0,43.665,48001,68.34924922126271
48003,18036.0,30.8,103.5,31.5,68.5,10.0,Andrews County, Texas,5573.0,76158.0,92927.0,4273.0,83799.0,102156.0,18036.0,16108.0,122.0,0.0,65.0,31.0,17927.0,1647.0,9.2,none,0.4,3.73,0.7,56.3,86.2,71.6,84.1,5573.0,10.2,25.9,72.3,76158.0,33373.0,0.0,6.1,0.2,3.22,18036.0,3.9,19.8,5.5,89.3,40.2,6.0,0.0,0.0,1.0,46.545,48003,69.64606425255826
48005,87322.0,37.5,95.3,25.7,74.3,15.9,Angelina County, Texas,31035.0,50453.0,63164.0,22700.0,57524.0,70829.0,87322.0,69651.0,12890.0,490.0,975.0,5.0,84680.0,15026.0,17.7,none,1.1,3.17,14.8,22.1,82.3,71.1,78.1,31035.0,2.7,33.8,81.9,50453.0,24657.0,0.6,2.2,0.0,2.72,87322.0,6.2,18.8,8.8,79.8,60.5,5.0,0.0,0.0,0.0,45.275,48005,76.48495019760193
48007,24462.0,50.6,94.8,18.8,81.2,27.4,Aransas County, Texas,9548.0,45137.0,75855.0,6132.0,58299.0,86457.0,24462.0,22115.0,354.0,53.0,489.0,0.0,24070.0,5127.0,21.3,none,2.0,3.16,1.4,27.5,81.8,77.5,78.1,9548.0,2.8,19.8,84.5,45137.0,21631.0,0.2,1.9,0.0,2.52,24462.0,7.5,20.0,12.1,90.4,67.4,2.0,1.0,1.0,0.0,43.945,48007,52.75595470664785
48009,8716.0,44.5,99.5,21.7,78.3,19.5,Archer County, Texas,3452.0,63835.0,83749.0,2402.0,83672.0,99886.0,8716.0,8315.0,83.0,96.0,15.0,0.0,8647.0,1033.0,11.9,none,0.2,3.04,1.0,8.3,75.4,70.5,80.0,3452.0,2.1,16.3,90.3,63835.0,32611.0,1.1,0.5,0.0,2.5,8716.0,2.6,12.9,8.8,95.4,88.3,3.0,1.0,0.0,0.0,43.56,48009,54.97848720091269
48011,1973.0,46.0,99.1,23.1,76.9,21.5,Armstrong County, Texas,694.0,72500.0,83298.0,555.0,79479.0,95079.0,1973.0,1833.0,5.0,22.0,0.0,0.0,1900.0,174.0,9.2,none,0.0,3.08,0.3,7.6,81.6,78.4,79.1,694.0,1.0,12.0,86.9,72500.0,31212.0,1.1,2.1,0.0,2.76,1973.0,0.7,7.3,11.2,92.9,89.4,2.0,1.0,0.0,0.0,41.705,48011,56.04347420273755
48013,49528.0,35.4,99.7,27.5,72.5,14.3,Atascosa County, Texas,15546.0,55366.0,72059.0,11842.0,60968.0,78815.0,49528.0,45761.0,135.0,122.0,173.0,0.0,48704.0,7196.0,14.8,none,0.3,3.66,0.3,64.3,80.2,63.4,83.0,15546.0,7.1,24.7,77.1,55366.0,24278.0,0.2,2.0,0.0,3.16,49528.0,8.2,17.9,8.9,92.4,33.3,1.0,1.0,1.0,0.0,44.615,48013,68.12589895122626
48015,29764.0,40.7,97.3,24.0,76.0,18.7,Austin County, Texas,11301.0,66206.0,78664.0,8434.0,78195.0,88387.0,29764.0,23146.0,2684.0,45.0,111.0,0.0,29491.0,3583.0,12.1,none,0.4,3.05,9.0,26.8,74.3,69.8,78.3,11301.0,3.0,23.8,84.0,66206.0,30570.0,0.2,9.9,0.0,2.61,29764.0,6.2,13.9,5.8,77.8,62.2,1.0,1.0,1.0,0.0,44.195,48015,66.22283279098272
48017,7100.0,33.3,103.5,29.0,71.0,13.9,Bailey County, Texas,2054.0,52273.0,65794.0,1439.0,62517.0,77194.0,7100.0,5949.0,46.0,80.0,57.0,0.0,6743.0,590.0,8.7,none,0.8,3.84,0.6,62.1,70.5,67.3,78.8,2054.0,8.1,25.4,76.9,52273.0,25217.0,1.1,13.6,0.0,3.35,7100.0,2.3,21.2,4.9,83.8,35.5,7.0,0.0,0.0,0.0,45.71,48017,57.1538617416458
48019,22215.0,52.2,101.5,17.1,82.9,26.4,Bandera County, Texas,8399.0,58661.0,73521.0,5852.0,67216.0,83910.0,22215.0,19990.0,154.0,262.0,62.0,0.0,21998.0,3455.0,15.7,none,0.3,3.07,0.7,18.8,81.8,78.5,76.4,8399.0,1.3,15.0,89.3,58661.0,24939.0,1.2,1.3,0.0,2.59,22215.0,4.2,17.3,14.5,90.0,77.8,1.0,1.0,1.0,0.0,42.93,48019,48.909662177936006
48021,84522.0,38.4,102.6,25.5,74.5,14.6,Bastrop County, Texas,25571.0,64597.0,82676.0,18606.0,76371.0,91363.0,84522.0,57462.0,6298.0,398.0,739.0,0.0,82161.0,9230.0,11.2,none,0.9,3.8,7.5,37.7,80.4,74.1,79.5,25571.0,2.5,22.3,81.9,64597.0,30057.0,0.5,20.6,0.0,3.22,84522.0,5.4,16.3,11.2,68.0,52.3,1.0,1.0,1.0,0.0,43.095,48021,57.613200394784535
48023,3577.0,45.9,95.4,20.9,79.1,24.2,Baylor County, Texas,1530.0,40739.0,52436.0,938.0,58214.0,67206.0,3577.0,3291.0,123.0,9.0,0.0,40.0,3461.0,406.0,11.7,none,0.0,2.93,3.4,8.5,74.7,71.3,68.8,1530.0,0.6,27.6,85.5,40739.0,22319.0,0.3,2.6,1.1,2.29,3577.0,2.7,14.6,7.8,92.0,86.6,8.0,0.0,0.0,1.0,41.98,48023,67.9043128178182
48025,32611.0,35.3,156.9,21.2,78.8,12.0,Bee County, Texas,8269.0,44578.0,63623.0,5752.0,49952.0,71182.0,32611.0,28172.0,2399.0,164.0,176.0,4.0,24846.0,5120.0,20.6,none,0.5,3.72,7.4,58.9,62.9,61.3,76.5,8269.0,2.8,37.3,75.4,44578.0,20371.0,0.5,1.7,0.0,3.0,32611.0,9.0,19.2,8.9,86.4,31.4,6.0,0.0,0.0,1.0,47.05,48025,61.36103866726421
48027,348574.0,31.0,99.5,27.8,72.2,10.6,Bell County, Texas,122689.0,54884.0,71507.0,84974.0,64505.0,80881.0,348574.0,220872.0,84435.0,1969.0,10282.0,2392.0,337083.0,46752.0,13.9,none,2.9,3.34,24.2,24.8,85.0,81.1,82.2,122689.0,3.0,45.7,91.0,54884.0,29284.0,0.6,2.8,0.7,2.75,348574.0,7.3,12.1,21.4,63.4,45.8,2.0,1.0,1.0,0.0,40.505,48027,63.606353957864286
48029,1952843.0,33.6,97.5,25.7,74.3,11.8,Bexar County, Texas,636245.0,57157.0,78311.0,421257.0,68037.0,90079.0,1952843.0,1549704.0,149706.0,14054.0,55742.0,2288.0,1919412.0,301755.0,15.7,none,2.9,3.78,7.7,60.2,81.3,74.4,83.4,636245.0,6.8,41.5,84.2,57157.0,27976.0,0.7,5.9,0.1,3.02,1952843.0,4.9,15.2,10.2,79.4,27.7,1.0,1.0,0.0,0.0,42.055,48029,59.82199390682619
48031,11478.0,50.4,106.9,18.3,81.7,25.0,Blanco County, Texas,4343.0,66390.0,92547.0,3139.0,70767.0,105287.0,11478.0,10256.0,3.0,194.0,165.0,42.0,11265.0,1015.0,9.0,none,1.4,3.05,0.0,19.4,85.3,79.8,82.3,4343.0,1.7,21.4,90.1,66390.0,30193.0,1.7,3.5,0.4,2.62,11478.0,5.8,16.6,12.2,89.4,77.0,8.0,0.0,1.0,1.0,38.78,48031,57.02481462429368
48033,613.0,41.7,91.6,29.2,70.8,27.2,Borden County, Texas,227.0,72188.0,88236.0,166.0,96071.0,100122.0,613.0,598.0,0.0,0.0,0.0,0.0,613.0,16.0,2.6,,0.0,3.28,0.0,13.7,79.7,81.1,83.7,227.0,0.0,24.2,94.7,72188.0,35926.0,0.0,0.0,0.0,2.7,613.0,2.0,5.5,7.8,97.6,83.8,8.0,0.0,0.0,1.0,42.66,48033,45.77350215042083
48035,18296.0,46.6,97.1,21.3,78.7,24.6,Bosque County, Texas,7211.0,52148.0,67280.0,5347.0,61222.0,75070.0,18296.0,17318.0,301.0,105.0,100.0,0.0,17890.0,2823.0,15.8,none,0.5,2.88,1.6,18.3,74.7,68.9,75.9,7211.0,2.4,22.6,86.5,52148.0,26155.0,0.6,0.7,0.0,2.49,18296.0,3.5,17.3,8.3,94.7,77.8,6.0,0.0,1.0,1.0,43.74,48035,65.98887765876201
48037,93373.0,38.0,101.2,23.7,76.3,16.4,Bowie County, Texas,34076.0,50164.0,71353.0,23034.0,62071.0,85335.0,93373.0,64586.0,22879.0,879.0,983.0,44.0,87652.0,14534.0,16.6,none,1.1,3.19,24.5,7.6,72.4,65.4,71.1,34076.0,0.8,36.5,88.8,50164.0,27641.0,0.9,1.5,0.0,2.57,93373.0,5.6,13.8,10.0,69.2,63.8,3.0,1.0,0.0,0.0,43.885,48037,71.21365817682278
48039,360677.0,35.8,102.2,26.5,73.5,11.6,Brazoria County, Texas,121523.0,81447.0,100131.0,88881.0,94650.0,113327.0,360677.0,261164.0,50437.0,2401.0,24110.0,47.0,348507.0,30317.0,8.7,none,6.7,3.41,14.0,30.6,87.1,80.5,86.1,121523.0,4.0,27.9,87.9,81447.0,40496.0,0.7,4.0,0.0,2.87,360677.0,4.1,14.0,6.6,72.4,47.2,1.0,1.0,0.0,0.0,40.375,48039,59.150738711031806
48041,222981.0,26.5,102.1,20.6,79.4,8.9,Brazos County, Texas,79412.0,49181.0,73324.0,44793.0,72223.0,96734.0,222981.0,171189.0,23807.0,798.0,13711.0,123.0,207176.0,50496.0,24.4,none,6.1,3.18,10.7,25.6,81.9,81.9,87.6,79412.0,5.6,52.9,87.2,49181.0,24118.0,0.4,3.0,0.1,2.61,222981.0,3.6,12.3,4.7,76.8,55.8,3.0,1.0,1.0,0.0,40.905,48041,57.88280649426207
48043,9231.0,43.7,101.4,19.2,80.8,22.4,Brewster County, Texas,4088.0,47080.0,63082.0,2233.0,65841.0,82612.0,9231.0,8352.0,19.0,225.0,170.0,0.0,8987.0,1254.0,14.0,none,1.8,2.96,0.2,44.8,76.5,68.7,75.3,4088.0,7.6,42.2,85.7,47080.0,27435.0,2.4,2.4,0.0,2.23,9231.0,4.2,16.0,9.1,90.5,50.3,7.0,0.0,0.0,0.0,41.065,48043,50.9536417564782
48045,1457.0,46.4,123.1,16.3,83.7,25.5,Briscoe County, Texas,602.0,40227.0,55863.0,374.0,54300.0,68756.0,1457.0,1256.0,12.0,0.0,0.0,22.0,1427.0,233.0,16.3,none,0.0,2.92,0.8,35.6,70.9,65.1,69.1,602.0,1.7,30.7,86.1,40227.0,24375.0,0.0,1.8,1.5,2.42,1457.0,5.4,23.1,8.9,86.2,58.0,9.0,0.0,0.0,0.0,43.785,48045,63.70357854561848
48047,7141.0,29.7,114.2,26.5,73.5,14.6,Brooks County, Texas,2120.0,28333.0,41308.0,1426.0,31385.0,48448.0,7141.0,6450.0,48.0,68.0,0.0,0.0,6573.0,2724.0,41.4,none,0.0,3.74,0.7,93.1,60.7,37.8,71.0,2120.0,8.7,38.7,68.8,28333.0,14471.0,1.0,6.3,0.0,3.11,7141.0,12.3,22.5,3.8,90.3,6.7,7.0,0.0,0.0,0.0,52.61,48047,71.23177554200768
48049,37855.0,41.5,97.4,22.2,77.8,19.5,Brown County, Texas,14409.0,48365.0,69577.0,9572.0,61889.0,82803.0,37855.0,34554.0,1426.0,203.0,270.0,0.0,36136.0,4545.0,12.6,none,0.7,3.09,3.8,22.2,75.8,67.6,75.5,14409.0,2.0,27.5,87.2,48365.0,25515.0,0.5,1.4,0.0,2.5,37855.0,3.2,14.5,9.8,91.3,71.6,5.0,0.0,0.0,0.0,42.24,48049,74.00955902206067
48051,18058.0,43.3,98.3,22.2,77.8,20.4,Burleson County, Texas,6810.0,57731.0,75799.0,4752.0,72225.0,89083.0,18058.0,14421.0,2395.0,69.0,7.0,0.0,17771.0,2095.0,11.8,none,0.0,3.17,13.3,20.7,73.1,64.1,74.2,6810.0,1.5,21.8,82.5,57731.0,30170.0,0.4,4.1,0.0,2.63,18058.0,3.9,15.2,8.7,79.9,64.7,3.0,1.0,0.0,0.0,46.67,48051,60.90201573272243
48053,46530.0,44.6,97.7,21.4,78.6,21.9,Burnet County, Texas,16743.0,59492.0,81163.0,12281.0,70806.0,93636.0,46530.0,42519.0,815.0,178.0,400.0,21.0,45910.0,4661.0,10.2,none,0.9,3.21,1.8,22.2,78.6,77.4,79.9,16743.0,2.0,22.8,88.3,59492.0,27425.0,0.4,3.9,0.0,2.74,46530.0,4.3,15.3,11.0,91.4,73.6,6.0,0.0,1.0,1.0,39.995,48053,51.56760043460504
48055,42144.0,35.9,102.3,24.1,75.9,13.7,Caldwell County, Texas,13460.0,54152.0,73546.0,9619.0,62105.0,80519.0,42144.0,34069.0,2561.0,247.0,423.0,53.0,39956.0,7541.0,18.9,none,1.0,3.37,6.1,52.2,69.8,59.1,78.1,13460.0,7.3,32.6,78.2,54152.0,27173.0,0.6,10.0,0.1,2.84,42144.0,2.6,23.4,6.8,80.8,39.7,1.0,1.0,0.0,0.0,45.96,48055,53.66477524345026
48057,21668.0,37.7,104.7,24.7,75.3,17.4,Calhoun County, Texas,7582.0,58776.0,72536.0,5135.0,70735.0,80694.0,21668.0,18645.0,597.0,19.0,1183.0,7.0,21351.0,2923.0,13.7,comprehensive,5.5,3.44,2.8,48.9,78.8,69.1,77.4,7582.0,7.2,27.2,79.3,58776.0,26914.0,0.1,1.6,0.0,2.82,21668.0,5.1,19.1,7.7,86.0,42.3,6.0,0.0,0.0,1.0,44.045,48057,56.83440709580706
48059,13856.0,44.2,99.2,22.4,77.6,20.6,Callahan County, Texas,5367.0,48651.0,62737.0,3408.0,63524.0,79203.0,13856.0,13058.0,126.0,5.0,69.0,0.0,13707.0,1462.0,10.7,none,0.5,3.29,0.9,9.6,71.4,66.1,69.0,5367.0,0.6,17.9,88.2,48651.0,26843.0,0.0,1.2,0.0,2.57,13856.0,3.4,17.9,10.8,94.2,86.0,3.0,1.0,0.0,0.0,42.53,48059,66.96215709112809
48061,421666.0,31.7,94.6,30.8,69.2,13.2,Cameron County, Texas,124605.0,38758.0,55520.0,97748.0,44593.0,60520.0,421666.0,397718.0,2441.0,982.0,2900.0,70.0,418195.0,120764.0,28.9,partial,0.7,3.89,0.6,89.7,57.5,54.5,73.3,124605.0,16.2,34.1,67.9,38758.0,19933.0,0.2,3.4,0.0,3.36,421666.0,5.5,28.4,4.4,94.3,9.0,2.0,1.0,0.0,0.0,48.81,48061,51.94894900662773
48063,12878.0,37.6,94.8,26.4,73.6,18.5,Camp County, Texas,4605.0,48207.0,60622.0,3314.0,58455.0,70803.0,12878.0,9341.0,2136.0,58.0,56.0,0.0,12815.0,2372.0,18.5,none,0.4,3.33,16.6,25.0,65.4,58.1,68.4,4605.0,3.1,27.6,87.2,48207.0,25628.0,0.5,7.1,0.0,2.78,12878.0,6.5,17.0,8.5,72.5,55.8,6.0,0.0,0.0,1.0,47.875,48063,70.46455096907182
48065,6009.0,40.6,93.1,24.6,75.4,18.3,Carson County, Texas,2288.0,74872.0,89245.0,1602.0,96535.0,106961.0,6009.0,5657.0,48.0,97.0,22.0,0.0,5937.0,493.0,8.3,none,0.4,3.13,0.8,9.9,76.3,76.9,80.6,2288.0,0.0,19.0,93.3,74872.0,38411.0,1.6,1.0,0.0,2.6,6009.0,1.2,9.9,8.5,94.1,85.7,2.0,1.0,0.0,0.0,42.5,48065,56.8355858378989
48067,30059.0,43.3,93.1,22.6,77.4,21.9,Cass County, Texas,11934.0,44848.0,57311.0,8256.0,54520.0,66456.0,30059.0,23401.0,5195.0,46.0,166.0,1.0,29558.0,5455.0,18.5,none,0.6,3.01,17.3,4.5,69.3,55.4,61.5,11934.0,0.3,20.7,85.9,44848.0,24905.0,0.2,1.8,0.0,2.49,30059.0,6.7,13.7,11.6,77.9,76.3,6.0,0.0,0.0,1.0,46.105,48067,73.81980649477615
48069,7673.0,34.8,100.9,29.1,70.9,15.2,Castro County, Texas,2532.0,50142.0,62964.0,1738.0,61304.0,73635.0,7673.0,6972.0,163.0,14.0,47.0,3.0,7580.0,1038.0,13.7,none,0.6,3.71,2.1,64.6,68.6,53.2,73.7,2532.0,15.4,35.5,74.1,50142.0,28772.0,0.2,2.7,0.0,3.0,7673.0,2.7,23.5,5.5,90.9,32.0,6.0,0.0,0.0,1.0,45.89,48069,63.13412545876972
48071,41305.0,35.2,102.8,28.0,72.0,10.9,Chambers County, Texas,14069.0,91141.0,102629.0,11307.0,105451.0,111856.0,41305.0,36369.0,2997.0,63.0,465.0,0.0,40994.0,4960.0,12.1,none,1.1,3.28,7.3,22.4,84.3,76.6,83.4,14069.0,5.9,17.1,88.5,91141.0,37261.0,0.2,1.2,0.0,2.92,41305.0,4.4,11.3,7.8,88.0,67.0,1.0,1.0,0.0,0.0,43.495000000000005,48071,65.8432612291054
48073,52118.0,37.9,104.1,25.6,74.4,17.0,Cherokee County, Texas,18138.0,48186.0,62730.0,13250.0,57513.0,71069.0,52118.0,42374.0,7092.0,329.0,241.0,43.0,48713.0,8013.0,16.4,none,0.5,3.18,13.6,23.1,72.9,62.0,77.9,18138.0,5.4,28.1,79.0,48186.0,23891.0,0.6,1.9,0.1,2.7,52118.0,5.6,19.0,7.4,81.3,60.7,6.0,0.0,0.0,1.0,46.085,48073,71.579738618716
48075,7253.0,34.5,158.0,17.7,82.3,13.8,Childress County, Texas,2407.0,43181.0,61372.0,1547.0,63298.0,71183.0,7253.0,6189.0,583.0,0.0,76.0,0.0,5738.0,799.0,13.9,none,1.0,3.03,8.0,31.0,73.2,64.4,72.8,2407.0,3.5,40.1,82.0,43181.0,27867.0,0.0,3.3,0.0,2.39,7253.0,5.9,18.1,5.5,85.3,58.5,7.0,0.0,0.0,0.0,43.44499999999999,48075,75.33899955243757
48077,10403.0,46.6,100.5,20.4,79.6,22.8,Clay County, Texas,4105.0,55989.0,71797.0,2855.0,69818.0,84076.0,10403.0,9879.0,52.0,106.0,117.0,0.0,10285.0,1259.0,12.2,none,1.1,3.03,0.5,6.3,75.3,71.6,77.0,4105.0,0.1,15.6,90.5,55989.0,27652.0,1.0,0.8,0.0,2.52,10403.0,5.9,12.6,10.3,95.0,89.8,3.0,1.0,0.0,0.0,43.025000000000006,48077,68.31101521446489
48079,2887.0,35.1,107.4,27.1,72.9,15.8,Cochran County, Texas,998.0,40962.0,58478.0,687.0,58295.0,69678.0,2887.0,2565.0,144.0,2.0,0.0,0.0,2856.0,730.0,25.6,none,0.0,3.46,5.0,58.7,66.0,49.1,67.3,998.0,9.6,21.6,67.7,40962.0,25346.0,0.1,3.6,0.0,2.78,2887.0,7.5,27.3,4.4,88.8,36.1,9.0,0.0,0.0,0.0,47.155,48079,63.70152654608796
48081,3303.0,48.1,99.5,20.9,79.1,28.5,Coke County, Texas,1644.0,45000.0,54420.0,1007.0,64850.0,68971.0,3303.0,2971.0,32.0,22.0,0.0,0.0,3173.0,398.0,12.5,none,0.0,2.45,1.0,21.5,68.7,62.2,76.2,1644.0,2.8,25.9,83.7,45000.0,25556.0,0.7,7.6,0.0,1.95,3303.0,2.1,14.8,7.6,89.9,76.2,8.0,0.0,0.0,1.0,42.6,48081,53.61768750196208
48083,8334.0,47.2,107.0,21.4,78.6,24.7,Coleman County, Texas,3423.0,46743.0,63690.0,2127.0,58463.0,74955.0,8334.0,7300.0,134.0,95.0,42.0,4.0,8238.0,1135.0,13.8,none,0.5,3.01,1.6,17.5,70.9,63.3,73.9,3423.0,1.0,25.4,86.5,46743.0,26692.0,1.1,5.4,0.0,2.42,8334.0,3.5,23.2,10.2,87.6,76.8,6.0,0.0,0.0,1.0,44.870000000000005,48083,68.23631030114473
48085,973977.0,36.9,96.8,26.3,73.7,10.7,Collin County, Texas,341163.0,96913.0,123796.0,252724.0,113471.0,140621.0,973977.0,673508.0,94720.0,4560.0,147553.0,762.0,968592.0,60908.0,6.3,none,15.1,3.34,9.7,15.3,92.8,91.1,92.4,341163.0,5.1,35.0,93.8,96913.0,46479.0,0.5,2.3,0.1,2.84,973977.0,3.5,10.4,5.8,69.2,57.0,1.0,1.0,1.0,0.0,33.795,48085,57.15564858074276
48087,2969.0,39.6,101.2,25.1,74.9,17.0,Collingsworth County, Texas,1035.0,39120.0,62878.0,758.0,50096.0,72177.0,2969.0,2283.0,273.0,62.0,0.0,0.0,2904.0,493.0,17.0,none,0.0,3.28,9.2,28.8,69.4,63.1,76.0,1035.0,6.7,24.7,73.9,39120.0,21048.0,2.1,8.7,0.0,2.81,2969.0,7.8,23.3,7.6,76.9,60.1,9.0,0.0,0.0,0.0,46.085,48087,65.78737330750558
48089,21224.0,42.9,99.6,23.5,76.5,21.6,Colorado County, Texas,7450.0,52559.0,73305.0,5034.0,62905.0,86187.0,21224.0,15520.0,2740.0,64.0,5.0,0.0,20787.0,2080.0,10.0,none,0.0,3.5,12.9,29.7,71.8,62.8,71.4,7450.0,3.4,17.6,83.1,52559.0,29522.0,0.3,11.7,0.0,2.8,21224.0,2.7,15.0,6.2,73.1,55.9,6.0,0.0,0.0,1.0,44.635000000000005,48089,63.72959435840537
48091,141642.0,42.2,97.7,22.7,77.3,17.9,Comal County, Texas,51367.0,79936.0,104209.0,38230.0,93758.0,118676.0,141642.0,128737.0,2901.0,376.0,1597.0,44.0,140476.0,10712.0,7.6,none,1.1,3.18,2.0,27.4,89.2,84.3,83.9,51367.0,2.2,25.1,92.6,79936.0,36265.0,0.3,3.3,0.0,2.74,141642.0,3.0,11.5,12.6,90.9,67.5,1.0,1.0,1.0,0.0,39.18000000000001,48091,53.27676946995393
48093,13529.0,44.8,101.0,22.3,77.7,24.0,Comanche County, Texas,5487.0,53516.0,63959.0,3763.0,60879.0,76187.0,13529.0,12684.0,177.0,99.0,82.0,0.0,13224.0,1485.0,11.2,none,0.6,2.96,1.3,27.9,72.6,69.5,73.7,5487.0,3.9,20.0,84.5,53516.0,27745.0,0.7,2.5,0.0,2.43,13529.0,2.4,14.1,8.6,93.8,69.5,7.0,0.0,0.0,0.0,44.475,48093,68.06707019510957
48095,3266.0,45.3,179.6,15.2,84.8,20.0,Concho County, Texas,912.0,47500.0,67689.0,614.0,64025.0,81270.0,3266.0,3157.0,41.0,14.0,13.0,0.0,2195.0,268.0,12.2,none,0.4,3.04,1.3,45.1,75.1,70.0,67.3,912.0,2.5,24.8,67.9,47500.0,24384.0,0.4,1.0,0.0,2.41,3266.0,0.1,12.7,7.5,96.7,52.8,8.0,0.0,0.0,1.0,42.81,48095,64.71244975837874
48097,40041.0,40.7,98.5,23.9,76.1,18.2,Cooke County, Texas,15351.0,60202.0,78698.0,10820.0,73036.0,91361.0,40041.0,36719.0,1125.0,320.0,344.0,31.0,39109.0,5024.0,12.8,none,0.9,3.03,2.8,18.2,76.2,67.4,78.0,15351.0,2.8,30.7,86.1,60202.0,30926.0,0.8,0.9,0.1,2.57,40041.0,4.7,14.4,8.1,91.7,75.3,6.0,0.0,0.0,1.0,44.64,48097,66.32090581406185
48099,75280.0,31.8,99.6,23.2,76.8,9.8,Coryell County, Texas,22322.0,52893.0,66325.0,15975.0,59635.0,73559.0,75280.0,54825.0,10234.0,567.0,1546.0,592.0,60505.0,7829.0,12.9,none,2.1,3.24,13.6,18.3,85.7,77.9,83.4,22322.0,2.0,42.1,88.0,52893.0,26408.0,0.8,1.1,0.8,2.71,75280.0,7.9,10.7,20.5,72.8,58.7,2.0,1.0,0.0,0.0,42.385000000000005,48099,62.98500953753918
48101,1642.0,37.1,82.2,31.2,68.8,20.8,Cottle County, Texas,707.0,32305.0,45301.0,420.0,39706.0,57077.0,1642.0,1149.0,238.0,15.0,0.0,0.0,1634.0,505.0,30.9,none,0.0,3.15,14.5,23.1,65.6,60.4,62.1,707.0,3.3,43.8,76.2,32305.0,19886.0,0.9,9.7,0.0,2.32,1642.0,6.2,11.9,7.6,70.0,51.8,9.0,0.0,0.0,0.0,47.525000000000006,48101,65.57606169929245
48103,4802.0,32.7,104.9,30.6,69.4,13.6,Crane County, Texas,1421.0,65969.0,79907.0,1134.0,72652.0,86276.0,4802.0,2543.0,129.0,15.0,95.0,0.0,4684.0,379.0,8.1,none,2.0,3.75,2.7,64.4,66.2,61.9,87.5,1421.0,6.8,14.4,79.5,65969.0,27260.0,0.3,42.1,0.0,3.31,4802.0,1.6,15.1,5.8,53.0,31.1,6.0,0.0,0.0,1.0,46.46,48103,72.67503189506283
48105,3484.0,38.8,93.1,24.3,75.7,15.0,Crockett County, Texas,1354.0,47386.0,62573.0,948.0,57021.0,73500.0,3484.0,1494.0,24.0,0.0,0.0,0.0,3418.0,637.0,18.6,none,0.0,3.13,0.7,61.9,69.5,70.7,75.4,1354.0,0.0,26.1,77.0,47386.0,31618.0,0.0,55.4,0.0,2.52,3484.0,0.0,21.0,6.3,42.9,37.4,7.0,0.0,0.0,0.0,49.485,48105,60.77834414552968
48107,5836.0,38.4,98.7,26.9,73.1,18.2,Crosby County, Texas,2061.0,40759.0,51516.0,1459.0,50797.0,60974.0,5836.0,5148.0,212.0,0.0,33.0,11.0,5758.0,1189.0,20.6,none,0.6,3.44,3.6,56.0,68.9,62.8,72.1,2061.0,7.8,24.7,76.0,40759.0,22188.0,0.0,5.9,0.2,2.79,5836.0,5.0,21.6,5.1,88.2,39.4,2.0,1.0,0.0,0.0,46.515,48107,69.51299921019823
48109,2214.0,34.4,132.1,28.8,71.2,14.8,Culberson County, Texas,580.0,37900.0,46561.0,411.0,43854.0,52520.0,2214.0,1733.0,3.0,1.0,13.0,0.0,2208.0,653.0,29.6,none,0.6,4.8,0.1,71.0,55.5,36.0,57.2,580.0,36.6,33.3,66.3,37900.0,16921.0,0.0,18.2,0.0,3.76,2214.0,10.6,23.6,6.0,78.3,25.4,9.0,0.0,0.0,0.0,47.545,48109,54.14663842472851
48111,7304.0,31.7,103.7,31.5,68.5,10.7,Dallam County, Texas,2364.0,58811.0,83942.0,1711.0,69018.0,97532.0,7304.0,6550.0,56.0,86.0,142.0,0.0,7163.0,878.0,12.3,none,1.9,3.58,0.8,45.8,74.5,67.1,74.0,2364.0,13.9,35.6,70.4,58811.0,30367.0,1.2,4.3,0.0,3.07,7304.0,1.6,30.6,7.3,89.7,49.6,7.0,0.0,0.0,0.0,44.815,48111,80.50222200114648
48113,2606868.0,33.4,97.3,26.4,73.6,10.5,Dallas County, Texas,928341.0,59607.0,88716.0,599542.0,67159.0,100273.0,2606868.0,1597069.0,588903.0,10155.0,163971.0,1240.0,2577160.0,395812.0,15.4,none,6.3,3.51,22.6,40.2,81.1,74.1,82.9,928341.0,10.8,50.0,79.3,59607.0,31136.0,0.4,6.8,0.0,2.78,2606868.0,4.4,21.0,4.8,61.3,29.1,1.0,1.0,0.0,0.0,40.91,48113,64.77794170087671
48115,12813.0,33.5,118.1,26.0,74.0,14.7,Dawson County, Texas,4322.0,43239.0,61585.0,2889.0,54596.0,73293.0,12813.0,9638.0,1036.0,143.0,24.0,0.0,10950.0,2840.0,25.9,none,0.2,3.15,8.1,57.5,68.8,53.7,73.6,4322.0,7.0,30.7,69.9,43239.0,21316.0,1.1,11.3,0.0,2.55,12813.0,6.3,16.6,3.6,75.2,33.3,7.0,0.0,0.0,0.0,48.55,48115,56.29747768828685
48117,18736.0,31.9,100.4,31.3,68.7,12.5,Deaf Smith County, Texas,6145.0,49701.0,62666.0,4522.0,55694.0,68600.0,18736.0,16799.0,191.0,123.0,118.0,18.0,18461.0,2995.0,16.2,none,0.6,3.59,1.0,72.8,79.1,61.4,78.3,6145.0,11.4,36.0,73.8,49701.0,28087.0,0.7,4.3,0.1,3.0,18736.0,3.0,19.7,4.2,89.7,24.7,6.0,0.0,0.0,1.0,47.14,48117,56.05600786689283
48119,5249.0,44.3,90.1,23.3,76.7,20.1,Delta County, Texas,1999.0,51038.0,70369.0,1416.0,61889.0,82290.0,5249.0,4594.0,461.0,4.0,28.0,0.0,5183.0,1039.0,20.0,none,0.5,3.13,8.8,7.8,70.3,67.5,74.9,1999.0,0.0,21.8,87.8,51038.0,26636.0,0.1,1.1,0.0,2.59,5249.0,3.3,11.3,10.4,87.5,80.8,8.0,0.0,0.0,1.0,44.395,48119,69.0123366013125
48121,833822.0,35.5,96.8,25.1,74.9,9.9,Denton County, Texas,290229.0,86913.0,113275.0,204075.0,107016.0,132100.0,833822.0,619566.0,81758.0,3993.0,72510.0,707.0,820627.0,62681.0,7.6,none,8.7,3.36,9.8,19.3,91.8,89.4,91.4,290229.0,3.4,34.9,92.5,86913.0,40677.0,0.5,3.0,0.1,2.83,833822.0,3.4,11.2,6.6,74.3,59.2,1.0,1.0,1.0,0.0,40.19,48121,56.66713364703563
48123,20340.0,41.0,108.3,22.6,77.4,19.4,DeWitt County, Texas,7048.0,55357.0,82821.0,4995.0,70672.0,92857.0,20340.0,13159.0,1900.0,242.0,4.0,0.0,18395.0,2946.0,16.0,none,0.0,3.11,9.3,35.4,62.7,60.5,66.2,7048.0,2.4,27.2,80.8,55357.0,27063.0,1.2,23.5,0.0,2.62,20340.0,6.3,14.2,7.0,64.7,54.8,6.0,0.0,0.0,1.0,45.370000000000005,48123,70.32968350450952
48125,2203.0,46.0,96.9,20.1,79.9,23.8,Dickens County, Texas,845.0,42540.0,59602.0,502.0,60625.0,79875.0,2203.0,2023.0,59.0,21.0,11.0,0.0,2083.0,410.0,19.7,none,0.5,3.25,2.7,29.8,77.3,71.6,72.7,845.0,0.0,23.3,84.4,42540.0,23000.0,1.0,3.8,0.0,2.47,2203.0,8.7,18.6,8.1,91.8,67.0,8.0,0.0,0.0,1.0,46.785,48125,62.89556755755648
48127,10438.0,34.3,94.1,29.4,70.6,16.9,Dimmit County, Texas,3148.0,27161.0,50160.0,2254.0,31373.0,54428.0,10438.0,9366.0,4.0,0.0,147.0,0.0,10326.0,3477.0,33.7,none,1.4,3.99,0.0,86.9,59.2,50.0,62.5,3148.0,11.8,33.8,66.4,27161.0,15656.0,0.0,8.2,0.0,3.27,10438.0,12.6,20.6,5.5,89.7,11.0,6.0,0.0,0.0,1.0,52.215,48127,57.26323418523395
48129,3342.0,41.4,103.5,20.0,80.0,23.2,Donley County, Texas,1335.0,42961.0,60597.0,812.0,53125.0,66105.0,3342.0,3002.0,189.0,12.0,12.0,0.0,3031.0,447.0,14.7,none,0.4,2.96,5.7,11.1,63.1,63.1,69.5,1335.0,0.5,29.7,88.7,42961.0,23774.0,0.4,1.8,0.0,2.27,3342.0,2.9,14.1,9.5,89.8,80.8,8.0,0.0,0.0,1.0,44.1,48129,62.34941180781719
48131,11268.0,36.1,103.0,25.7,74.3,17.6,Duval County, Texas,3511.0,41186.0,49597.0,2451.0,51929.0,57856.0,11268.0,10705.0,148.0,0.0,0.0,0.0,10647.0,2426.0,22.8,partial,0.0,3.71,1.3,89.3,64.0,47.0,69.0,3511.0,9.4,34.5,68.6,41186.0,20615.0,0.0,3.6,0.0,3.06,11268.0,10.1,22.0,5.3,95.0,9.3,7.0,0.0,0.0,0.0,47.565,48131,65.51885631325867
48133,18273.0,41.2,100.3,20.9,79.1,22.4,Eastland County, Texas,6492.0,37276.0,61234.0,3864.0,49944.0,78647.0,18273.0,16816.0,599.0,64.0,123.0,0.0,17311.0,3168.0,18.3,none,0.7,3.57,3.3,16.4,66.8,62.0,67.0,6492.0,2.4,23.4,84.4,37276.0,20255.0,0.4,3.0,0.0,2.66,18273.0,3.8,17.2,8.5,92.0,79.3,6.0,0.0,0.0,1.0,44.235,48133,72.69666708436607
48135,160579.0,30.4,103.1,30.2,69.8,9.5,Ector County, Texas,52530.0,62973.0,83484.0,36317.0,73461.0,92563.0,160579.0,129198.0,7702.0,927.0,1909.0,47.0,158804.0,18899.0,11.9,none,1.2,3.71,4.8,60.7,82.2,65.5,83.9,52530.0,9.7,35.1,76.0,62973.0,31823.0,0.6,10.0,0.0,3.03,160579.0,5.6,21.0,5.0,80.5,32.3,3.0,1.0,0.0,0.0,44.7,48135,63.16548592050305
48137,1918.0,49.1,107.4,14.8,85.2,30.6,Edwards County, Texas,789.0,40766.0,59159.0,445.0,55250.0,71739.0,1918.0,1912.0,0.0,1.0,0.0,0.0,1906.0,165.0,8.7,comprehensive,0.0,3.37,0.0,56.6,45.9,50.2,55.8,789.0,7.7,14.4,72.1,40766.0,19526.0,0.1,0.2,0.0,2.42,1918.0,0.0,19.7,9.7,99.7,43.3,9.0,0.0,0.0,0.0,46.49,48137,48.6365097852499
48139,173772.0,36.2,97.3,26.8,73.2,12.6,Ellis County, Texas,57307.0,76871.0,96100.0,45214.0,86150.0,106326.0,173772.0,141636.0,17580.0,1386.0,1120.0,85.0,171471.0,15026.0,8.8,none,0.6,3.4,10.1,26.2,87.8,79.9,86.8,57307.0,2.7,25.6,86.2,76871.0,34653.0,0.8,3.1,0.0,3.0,173772.0,3.1,15.1,8.4,81.5,60.8,1.0,1.0,1.0,0.0,43.65,48139,64.12710229025002
48141,836062.0,32.2,97.0,27.5,72.5,11.9,El Paso County, Texas,268310.0,46871.0,62721.0,195343.0,52412.0,69134.0,836062.0,666059.0,27876.0,5215.0,10421.0,1133.0,820912.0,165719.0,20.2,none,1.2,3.68,3.3,82.6,78.5,69.3,79.8,268310.0,23.1,38.9,78.5,46871.0,23153.0,0.6,12.3,0.1,3.06,836062.0,5.7,20.3,8.1,79.7,12.0,2.0,1.0,0.0,0.0,41.315,48141,51.811517890018415
48143,41841.0,30.4,94.7,20.9,79.1,14.0,Erath County, Texas,13595.0,52742.0,74589.0,8690.0,74085.0,94945.0,41841.0,37186.0,799.0,679.0,388.0,85.0,39761.0,7305.0,18.4,none,0.9,3.53,1.9,21.1,80.8,75.8,82.3,13595.0,1.5,36.6,88.3,52742.0,23502.0,1.6,4.6,0.2,2.92,41841.0,2.7,16.8,7.6,88.9,74.6,4.0,0.0,0.0,1.0,42.760000000000005,48143,62.56796543294809
48145,17272.0,39.0,88.9,21.3,78.7,17.9,Falls County, Texas,5199.0,39497.0,50705.0,3337.0,51699.0,63362.0,17272.0,12433.0,4233.0,86.0,82.0,0.0,15536.0,4113.0,26.5,none,0.5,3.88,24.5,23.2,61.3,54.8,64.2,5199.0,0.7,27.6,76.9,39497.0,21182.0,0.5,1.5,0.0,2.99,17272.0,4.6,17.2,8.7,72.0,51.2,2.0,1.0,0.0,0.0,47.865,48145,72.84248053301962
48147,34537.0,41.3,112.0,21.2,78.8,18.5,Fannin County, Texas,12453.0,54648.0,72914.0,8658.0,68540.0,86668.0,34537.0,30288.0,1953.0,267.0,232.0,13.0,31577.0,3796.0,12.0,none,0.7,3.07,5.7,11.3,72.1,69.2,77.3,12453.0,1.1,26.8,85.5,54648.0,28875.0,0.8,1.9,0.0,2.52,34537.0,3.8,16.2,10.5,87.7,78.8,6.0,0.0,1.0,1.0,43.510000000000005,48147,73.49572138335662
48149,25141.0,47.0,97.2,20.5,79.5,24.6,Fayette County, Texas,9135.0,60189.0,76697.0,6536.0,72565.0,90541.0,25141.0,22671.0,1645.0,11.0,125.0,0.0,24704.0,2929.0,11.9,none,0.5,3.22,6.5,21.0,63.4,66.6,64.2,9135.0,1.5,18.3,86.1,60189.0,30069.0,0.0,2.0,0.0,2.7,25141.0,2.9,11.0,8.2,90.2,71.2,6.0,0.0,1.0,1.0,44.195,48149,62.07739505722057
48151,3856.0,44.6,90.6,22.6,77.4,22.8,Fisher County, Texas,1601.0,46146.0,65512.0,992.0,62000.0,78045.0,3856.0,3408.0,102.0,46.0,12.0,0.0,3820.0,575.0,15.1,none,0.3,3.06,2.6,32.7,70.2,60.8,69.2,1601.0,5.6,26.4,86.1,46146.0,27609.0,1.2,2.7,0.0,2.39,3856.0,4.3,12.6,9.6,88.4,61.8,8.0,0.0,0.0,1.0,42.33,48151,65.19093623820571
48153,5803.0,37.2,95.1,26.8,73.2,18.6,Floyd County, Texas,2271.0,50580.0,59595.0,1595.0,54702.0,66851.0,5803.0,5375.0,242.0,3.0,10.0,0.0,5756.0,847.0,14.7,comprehensive,0.2,3.12,4.2,58.7,73.8,57.7,74.1,2271.0,6.1,25.1,74.2,50580.0,25377.0,0.1,1.3,0.0,2.54,5803.0,4.5,21.5,6.9,92.6,36.8,6.0,0.0,0.0,1.0,46.05,48153,66.53507820240016
48155,1275.0,51.2,98.3,18.1,81.9,27.1,Foard County, Texas,533.0,43625.0,62021.0,346.0,52717.0,73921.0,1275.0,1048.0,29.0,6.0,0.0,0.0,1239.0,129.0,10.4,none,0.0,2.92,2.3,22.3,70.0,60.2,69.0,533.0,2.6,16.9,81.9,43625.0,21806.0,0.5,5.3,0.0,2.32,1275.0,5.7,14.7,7.2,82.2,72.1,9.0,0.0,0.0,0.0,46.92,48155,70.67709631667805
48157,765394.0,36.3,96.5,27.7,72.3,10.6,Fort Bend County, Texas,237883.0,97743.0,125289.0,195729.0,108211.0,136099.0,765394.0,395904.0,157134.0,2600.0,154513.0,408.0,759272.0,56251.0,7.4,none,20.2,3.56,20.5,24.5,92.6,90.2,91.4,237883.0,6.3,22.8,90.6,97743.0,40880.0,0.3,4.3,0.1,3.19,765394.0,4.8,11.7,4.7,51.7,33.1,1.0,1.0,1.0,0.0,35.38,48157,55.12506604995935
48159,10716.0,43.2,95.9,24.2,75.8,21.7,Franklin County, Texas,3965.0,53783.0,76173.0,2817.0,64945.0,89268.0,10716.0,9213.0,473.0,31.0,5.0,0.0,10613.0,988.0,9.3,partial,0.0,3.25,4.4,14.5,80.9,74.8,75.9,3965.0,1.7,21.3,91.3,53783.0,28613.0,0.3,5.6,0.0,2.68,10716.0,5.7,14.1,10.2,86.0,78.7,7.0,0.0,0.0,0.0,44.935,48159,66.21277683476244
48161,19714.0,41.5,107.3,22.8,77.2,19.6,Freestone County, Texas,6758.0,49471.0,69203.0,4677.0,63450.0,82867.0,19714.0,15857.0,2995.0,83.0,139.0,0.0,18054.0,3260.0,18.1,none,0.7,3.26,15.2,15.5,67.0,64.4,74.0,6758.0,2.1,22.6,82.6,49471.0,26288.0,0.4,1.5,0.0,2.67,19714.0,4.4,14.1,7.5,80.4,66.6,7.0,0.0,0.0,0.0,45.745000000000005,48161,65.68264982800665
48163,19871.0,31.2,148.8,23.9,76.1,12.4,Frio County, Texas,4542.0,46729.0,67332.0,3372.0,54111.0,74697.0,19871.0,16342.0,718.0,27.0,170.0,0.0,15557.0,3618.0,23.3,none,0.9,4.07,3.6,79.3,63.1,50.7,65.9,4542.0,10.7,31.0,66.2,46729.0,17164.0,0.1,11.3,0.0,3.44,19871.0,6.7,21.5,4.6,82.2,16.3,6.0,0.0,0.0,1.0,48.05,48163,64.11774798669954
48165,20706.0,27.8,104.0,36.0,64.0,8.8,Gaines County, Texas,5812.0,63054.0,79384.0,4545.0,72461.0,90442.0,20706.0,19578.0,522.0,57.0,102.0,9.0,20597.0,3143.0,15.3,none,0.5,4.11,2.5,41.5,76.9,63.9,78.0,5812.0,14.0,22.7,61.8,63054.0,27542.0,0.3,1.8,0.0,3.54,20706.0,5.6,33.7,3.7,94.6,55.5,7.0,0.0,0.0,0.0,50.365,48165,62.756117321139705
48167,332885.0,37.7,97.0,24.4,75.6,13.9,Galveston County, Texas,121438.0,73330.0,98758.0,84986.0,89270.0,114070.0,332885.0,262336.0,41809.0,1306.0,10946.0,123.0,326347.0,40485.0,12.4,none,3.3,3.23,12.6,24.6,85.8,78.3,85.3,121438.0,3.1,32.5,89.0,73330.0,34255.0,0.4,2.0,0.0,2.69,332885.0,5.8,13.9,8.6,78.8,57.4,1.0,1.0,0.0,0.0,40.965,48167,65.76753731915468
48169,6070.0,41.1,170.9,15.8,84.2,13.7,Garza County, Texas,1543.0,49627.0,72314.0,1177.0,68160.0,83802.0,6070.0,5120.0,347.0,16.0,119.0,0.0,4208.0,829.0,19.7,none,2.0,3.14,5.7,52.2,78.9,63.4,82.0,1543.0,4.9,29.5,61.6,49627.0,23376.0,0.3,6.4,0.0,2.72,6070.0,2.7,14.9,2.5,84.3,39.7,6.0,0.0,0.0,1.0,49.945,48169,68.41436109532128
48171,26459.0,50.0,93.7,20.1,79.9,29.3,Gillespie County, Texas,10694.0,59155.0,82523.0,7197.0,73481.0,93887.0,26459.0,24065.0,29.0,854.0,32.0,0.0,26082.0,2476.0,9.5,none,0.1,3.05,0.1,23.2,79.2,74.3,74.9,10694.0,2.5,27.6,89.0,59155.0,28772.0,3.2,2.5,0.0,2.44,26459.0,3.2,19.4,9.1,91.0,74.7,7.0,0.0,1.0,0.0,38.125,48171,48.04746886726284
48173,1510.0,30.8,134.8,22.7,77.3,9.9,Glasscock County, Texas,403.0,78456.0,105467.0,356.0,77941.0,110222.0,1510.0,1003.0,0.0,0.0,0.0,0.0,1510.0,177.0,11.7,none,0.0,3.81,0.0,43.8,73.2,71.0,82.4,403.0,14.4,34.2,69.4,78456.0,23286.0,0.0,33.6,0.0,3.75,1510.0,0.0,20.5,2.1,66.4,56.2,8.0,0.0,0.0,1.0,42.400000000000006,48173,49.69430332918712
48175,7565.0,46.1,98.6,21.7,78.3,22.0,Goliad County, Texas,2727.0,60690.0,77169.0,1922.0,80625.0,94545.0,7565.0,6119.0,445.0,0.0,55.0,0.0,7454.0,980.0,13.1,none,0.7,3.35,5.9,35.8,67.0,65.2,69.7,2727.0,5.7,20.0,83.0,60690.0,27950.0,0.0,12.0,0.0,2.74,7565.0,5.1,9.7,8.7,80.9,58.3,3.0,1.0,0.0,0.0,41.760000000000005,48175,55.91658878874544
48177,20731.0,36.3,103.4,27.0,73.0,16.4,Gonzales County, Texas,7364.0,53577.0,76060.0,5414.0,62407.0,86964.0,20731.0,13784.0,1382.0,64.0,76.0,5.0,20443.0,2886.0,14.1,none,0.4,3.28,6.7,50.7,75.4,54.4,74.2,7364.0,7.9,32.7,76.7,53577.0,27132.0,0.3,24.6,0.0,2.77,20731.0,2.7,18.6,6.9,66.5,41.7,6.0,0.0,0.0,1.0,47.975,48177,62.39226959153088
48179,22410.0,36.5,111.6,25.6,74.4,15.8,Gray County, Texas,7884.0,47952.0,66482.0,5166.0,62078.0,79815.0,22410.0,19089.0,1007.0,286.0,150.0,45.0,20693.0,3412.0,16.5,none,0.7,3.29,4.5,29.0,73.1,63.2,74.8,7884.0,4.3,26.5,80.2,47952.0,26651.0,1.3,5.4,0.2,2.64,22410.0,5.2,19.3,6.9,85.2,63.3,6.0,0.0,0.0,1.0,44.69,48179,61.87905200040084
48181,131014.0,39.9,95.3,23.7,76.3,17.5,Grayson County, Texas,48454.0,54815.0,72105.0,32615.0,69181.0,84704.0,131014.0,113326.0,7182.0,1401.0,2080.0,12.0,128315.0,16775.0,13.1,none,1.6,3.26,5.5,13.4,75.7,70.3,78.5,48454.0,1.8,32.4,88.7,54815.0,27892.0,1.1,1.8,0.0,2.65,131014.0,4.4,17.4,10.0,86.5,75.4,3.0,1.0,0.0,0.0,40.63,48181,69.21387961754166
48183,123443.0,35.6,94.9,25.9,74.1,15.1,Gregg County, Texas,45460.0,50180.0,69786.0,29627.0,61112.0,81763.0,123443.0,92086.0,24707.0,271.0,1586.0,130.0,119353.0,21494.0,18.0,none,1.3,3.26,20.0,18.7,79.1,67.1,81.3,45460.0,3.1,40.9,84.1,50180.0,25980.0,0.2,1.0,0.1,2.61,123443.0,4.6,18.5,8.1,74.6,57.5,3.0,1.0,0.0,0.0,44.645,48183,67.57792652913369
48185,27984.0,40.4,118.4,22.5,77.5,16.9,Grimes County, Texas,9011.0,52913.0,77395.0,6460.0,59948.0,83145.0,27984.0,21756.0,4244.0,137.0,55.0,0.0,24360.0,4134.0,17.0,none,0.2,3.23,15.2,24.2,73.0,66.7,77.0,9011.0,3.5,23.5,80.6,52913.0,26262.0,0.5,3.6,0.0,2.72,27984.0,4.4,14.0,8.8,77.7,58.5,6.0,0.0,0.0,1.0,48.285,48185,70.7771120249866
48187,158966.0,37.0,97.8,25.4,74.6,13.6,Guadalupe County, Texas,54110.0,74496.0,89402.0,41367.0,84769.0,99794.0,158966.0,116778.0,13085.0,524.0,2720.0,377.0,156942.0,14297.0,9.1,none,1.7,3.34,8.2,37.9,86.1,79.7,83.9,54110.0,3.3,23.3,88.7,74496.0,33952.0,0.3,12.9,0.2,2.9,158966.0,3.2,11.7,15.1,73.5,50.4,1.0,1.0,1.0,0.0,44.345,48187,53.94543911428296
48189,33826.0,33.4,108.9,27.2,72.8,13.3,Hale County, Texas,10933.0,48384.0,60390.0,7877.0,55272.0,69066.0,33826.0,29018.0,1706.0,235.0,104.0,6.0,31508.0,5046.0,16.0,none,0.3,3.5,5.0,59.4,77.2,60.2,77.2,10933.0,6.5,37.7,76.6,48384.0,25386.0,0.7,3.6,0.0,2.89,33826.0,4.1,20.3,4.9,85.8,33.8,4.0,0.0,0.0,1.0,44.995000000000005,48189,64.60763741644988
48191,3048.0,44.6,101.3,22.2,77.8,22.3,Hall County, Texas,1267.0,34673.0,53651.0,803.0,43750.0,65369.0,3048.0,2376.0,197.0,35.0,8.0,0.0,2993.0,685.0,22.9,none,0.3,3.01,6.5,34.8,59.9,56.6,64.0,1267.0,4.1,34.7,79.6,34673.0,20053.0,1.1,10.1,0.0,2.35,3048.0,9.6,24.4,6.1,78.0,55.6,9.0,0.0,0.0,0.0,47.21,48191,72.64537497309607
48193,8332.0,45.8,99.9,20.8,79.2,24.5,Hamilton County, Texas,2989.0,50825.0,70739.0,2094.0,66118.0,80464.0,8332.0,7939.0,66.0,120.0,0.0,0.0,8093.0,1402.0,17.3,none,0.0,3.26,0.8,12.7,72.4,71.5,72.1,2989.0,0.7,18.1,84.0,50825.0,24120.0,1.4,1.2,0.0,2.7,8332.0,2.2,16.4,9.6,95.3,84.0,6.0,0.0,1.0,1.0,42.48,48193,66.56664560802399
48195,5520.0,35.1,104.2,29.8,70.2,15.4,Hansford County, Texas,1838.0,38000.0,55316.0,1360.0,41859.0,61032.0,5520.0,5055.0,17.0,8.0,4.0,0.0,5445.0,947.0,17.4,none,0.1,3.58,0.3,48.0,75.7,61.8,81.8,1838.0,16.5,29.5,67.8,38000.0,24501.0,0.1,6.9,0.0,2.96,5520.0,4.6,23.1,5.4,91.6,51.6,7.0,0.0,0.0,0.0,45.27,48195,60.46576807638122
48197,3945.0,43.5,94.6,20.8,79.2,21.4,Hardeman County, Texas,1596.0,41859.0,55938.0,1054.0,53707.0,68307.0,3945.0,3469.0,232.0,45.0,0.0,0.0,3920.0,544.0,13.9,none,0.0,3.05,5.9,19.0,66.9,60.9,70.6,1596.0,5.7,32.1,78.9,41859.0,19629.0,1.1,2.7,0.0,2.45,3945.0,8.4,13.9,6.3,87.9,71.7,9.0,0.0,0.0,0.0,42.75,48197,65.0692163255522
48199,56765.0,39.2,93.1,24.7,75.3,16.5,Hardin County, Texas,20626.0,60339.0,80698.0,14985.0,76146.0,94369.0,56765.0,51841.0,3279.0,163.0,351.0,0.0,56068.0,6768.0,12.1,none,0.6,3.23,5.8,5.7,81.3,74.3,81.0,20626.0,0.1,18.8,88.0,60339.0,30905.0,0.3,0.6,0.0,2.73,56765.0,3.3,14.2,9.0,91.3,86.5,2.0,1.0,0.0,0.0,45.155,48199,68.1918580198565
48201,4646630.0,33.5,98.8,26.8,73.2,10.2,Harris County, Texas,1605368.0,61705.0,91486.0,1096660.0,71258.0,103278.0,4646630.0,2905947.0,884292.0,19269.0,324288.0,3104.0,4601170.0,722792.0,15.7,none,7.0,3.52,19.0,42.9,83.6,76.2,84.4,1605368.0,11.9,45.4,81.4,61705.0,31323.0,0.4,8.5,0.1,2.87,4646630.0,5.4,20.2,4.7,62.5,29.6,1.0,1.0,0.0,0.0,39.47,48201,64.18103608848996
48203,66580.0,38.7,94.4,25.4,74.6,16.5,Harrison County, Texas,23292.0,52220.0,73308.0,17064.0,65116.0,85287.0,66580.0,49704.0,13760.0,205.0,528.0,14.0,64974.0,11290.0,17.4,none,0.8,3.27,20.7,13.1,68.1,65.8,71.5,23292.0,1.2,27.7,85.3,52220.0,26572.0,0.3,1.5,0.0,2.8,66580.0,5.0,14.9,8.6,74.7,63.6,4.0,0.0,0.0,1.0,47.45,48203,70.51080997459671
48205,5669.0,38.1,144.0,21.5,78.5,15.0,Hartley County, Texas,1678.0,58298.0,73016.0,1208.0,68051.0,83332.0,5669.0,4808.0,425.0,20.0,82.0,0.0,4120.0,251.0,6.1,none,1.4,2.92,7.5,26.7,83.1,84.3,86.5,1678.0,4.7,37.3,82.6,58298.0,34152.0,0.4,1.9,0.0,2.46,5669.0,0.5,15.7,5.6,84.8,60.0,7.0,0.0,0.0,0.0,45.4,48205,46.98299182013618
48207,5726.0,43.5,107.3,18.4,81.6,22.0,Haskell County, Texas,2146.0,40313.0,49230.0,1423.0,54115.0,59828.0,5726.0,5114.0,228.0,27.0,16.0,0.0,5262.0,1072.0,20.4,none,0.3,3.05,4.0,28.6,63.5,53.5,60.6,2146.0,5.3,24.4,70.3,40313.0,20731.0,0.5,3.9,0.0,2.45,5726.0,12.1,20.8,5.8,89.3,64.7,6.0,0.0,0.0,1.0,45.21,48207,72.43144750688049
48209,213366.0,32.0,99.2,23.1,76.9,10.7,Hays County, Texas,73437.0,68717.0,89611.0,48306.0,85891.0,108569.0,213366.0,188901.0,8997.0,814.0,3348.0,52.0,205493.0,28214.0,13.7,none,1.6,3.32,4.2,38.9,84.8,84.4,89.1,73437.0,3.6,37.7,90.1,68717.0,31519.0,0.4,2.8,0.0,2.81,213366.0,3.9,13.4,7.3,88.5,53.8,1.0,1.0,1.0,0.0,40.54,48209,50.36736360047686
48211,3994.0,36.4,103.6,31.6,68.4,13.2,Hemphill County, Texas,1298.0,70625.0,93374.0,1035.0,84250.0,94237.0,3994.0,3629.0,40.0,0.0,1.0,0.0,3958.0,326.0,8.2,none,0.0,3.49,1.0,34.8,78.1,64.2,84.3,1298.0,7.9,28.7,82.1,70625.0,35830.0,0.0,5.7,0.0,3.05,3994.0,5.9,23.7,6.9,90.9,63.1,7.0,0.0,0.0,0.0,43.8,48211,57.81111006807659
48213,81070.0,43.9,95.0,21.5,78.5,22.0,Henderson County, Texas,30757.0,47355.0,66653.0,21483.0,58429.0,76602.0,81070.0,72540.0,5404.0,690.0,525.0,26.0,79575.0,13599.0,17.1,none,0.6,3.1,6.7,12.8,75.0,66.8,74.7,30757.0,1.7,24.8,83.5,47355.0,23787.0,0.9,0.9,0.0,2.59,81070.0,4.9,17.9,10.5,89.5,78.2,4.0,0.0,0.0,1.0,44.71,48213,66.37673172761713
48215,855176.0,29.2,96.0,32.9,67.1,10.8,Hidalgo County, Texas,238345.0,40014.0,58014.0,193034.0,44259.0,62117.0,855176.0,737739.0,4669.0,1504.0,8370.0,96.0,844950.0,250879.0,29.7,partial,1.0,4.04,0.5,92.2,68.4,57.3,80.4,238345.0,20.7,32.0,65.7,40014.0,19271.0,0.2,10.3,0.0,3.55,855176.0,6.4,30.3,3.2,86.3,6.1,2.0,1.0,0.0,0.0,50.76,48215,49.00497248229336
48217,35689.0,42.1,99.6,23.3,76.7,20.5,Hill County, Texas,12992.0,53307.0,69572.0,9098.0,62965.0,80612.0,35689.0,30697.0,2340.0,403.0,143.0,59.0,34636.0,4383.0,12.7,partial,0.4,3.23,6.6,20.6,77.8,64.9,75.7,12992.0,2.0,27.4,83.5,53307.0,25335.0,1.1,3.8,0.2,2.67,35689.0,5.9,15.4,9.7,86.0,70.6,6.0,0.0,1.0,1.0,45.78,48217,69.16496153703565
48219,23064.0,33.8,99.5,26.1,73.9,14.3,Hockley County, Texas,7997.0,48248.0,64011.0,5637.0,56607.0,73562.0,23064.0,20383.0,746.0,123.0,83.0,21.0,22206.0,3662.0,16.5,none,0.4,3.38,3.2,47.8,75.8,64.1,78.9,7997.0,5.1,29.5,76.2,48248.0,25420.0,0.5,5.0,0.1,2.79,23064.0,5.8,17.6,5.5,88.4,46.9,6.0,0.0,0.0,1.0,44.325,48219,62.60118393313144
48221,58318.0,47.0,95.0,21.1,78.9,24.7,Hood County, Texas,22152.0,64041.0,89286.0,15880.0,79373.0,104859.0,58318.0,55523.0,466.0,654.0,411.0,46.0,57594.0,5615.0,9.7,none,0.7,3.09,0.8,12.4,85.2,80.1,82.8,22152.0,2.6,22.7,89.4,64041.0,31204.0,1.1,0.8,0.1,2.6,58318.0,3.2,14.9,10.7,95.2,84.2,1.0,1.0,1.0,0.0,41.72,48221,55.00175653722576
48223,36486.0,39.2,96.4,24.9,75.1,18.3,Hopkins County, Texas,13424.0,52078.0,70270.0,9753.0,63125.0,80416.0,36486.0,30839.0,2586.0,112.0,243.0,44.0,35842.0,5027.0,14.0,none,0.7,3.14,7.1,16.9,78.7,66.9,78.4,13424.0,1.9,30.4,84.9,52078.0,26608.0,0.3,5.3,0.1,2.68,36486.0,4.4,18.5,8.6,84.5,73.3,6.0,0.0,0.0,1.0,47.36,48223,68.81045229786011
48225,22954.0,44.5,118.6,19.6,80.4,21.3,Houston County, Texas,8252.0,37904.0,51799.0,5419.0,47624.0,60732.0,22954.0,16003.0,5888.0,82.0,88.0,0.0,19768.0,4308.0,21.8,none,0.4,3.01,25.7,11.1,63.5,59.9,69.3,8252.0,2.7,30.0,81.2,37904.0,21103.0,0.4,2.1,0.0,2.4,22954.0,1.9,14.9,9.4,69.7,61.8,7.0,0.0,0.0,0.0,45.84,48225,67.21504322645261
48227,36349.0,36.5,124.4,22.1,77.9,12.9,Howard County, Texas,11064.0,54208.0,73064.0,7191.0,65210.0,80594.0,36349.0,30306.0,2020.0,430.0,252.0,19.0,31555.0,5470.0,17.3,none,0.7,3.5,5.6,42.5,73.6,66.1,78.6,11064.0,2.2,34.6,80.0,54208.0,25808.0,1.2,5.9,0.1,2.84,36349.0,6.1,17.0,8.8,83.4,48.7,4.0,0.0,0.0,1.0,46.45,48227,69.13536330803969
48229,4415.0,37.0,101.0,24.5,75.5,15.3,Hudspeth County, Texas,978.0,31677.0,46896.0,730.0,32012.0,47217.0,4415.0,2974.0,89.0,2.0,34.0,0.0,3624.0,886.0,24.4,none,0.8,4.46,2.0,77.8,54.2,54.8,75.6,978.0,42.4,28.1,55.5,31677.0,14326.0,0.0,27.1,0.0,3.71,4415.0,7.2,26.5,4.7,67.4,17.3,2.0,1.0,0.0,0.0,50.235,48229,47.88257970422372
48231,94162.0,38.0,96.6,23.9,76.1,15.8,Hunt County, Texas,33189.0,54959.0,70122.0,22761.0,66233.0,80104.0,94162.0,75231.0,7364.0,1053.0,1216.0,43.0,91378.0,14681.0,16.1,none,1.3,3.32,7.8,16.4,78.1,70.3,80.1,33189.0,1.4,31.1,84.5,54959.0,26198.0,1.1,7.8,0.0,2.75,94162.0,4.5,16.3,9.1,79.9,71.6,1.0,1.0,0.0,0.0,45.76,48231,67.96393171480848
48233,21344.0,38.0,101.9,25.7,74.3,16.3,Hutchinson County, Texas,6929.0,52524.0,66016.0,4797.0,63245.0,76913.0,21344.0,19043.0,344.0,352.0,82.0,150.0,21180.0,3083.0,14.6,partial,0.4,3.78,1.6,23.3,79.2,72.4,79.3,6929.0,1.7,19.7,86.0,52524.0,24896.0,1.6,2.2,0.7,3.06,21344.0,7.0,19.1,7.1,89.2,70.4,6.0,0.0,0.0,1.0,45.175,48233,63.92975170223791
48235,1620.0,42.7,107.2,26.2,73.8,16.9,Irion County, Texas,682.0,47500.0,66890.0,445.0,70972.0,83564.0,1620.0,1233.0,66.0,0.0,0.0,0.0,1620.0,241.0,14.9,none,0.0,3.01,4.1,25.6,67.6,69.8,70.8,682.0,0.0,22.4,93.2,47500.0,30909.0,0.0,19.0,0.0,2.38,1620.0,2.8,14.7,8.2,76.1,69.9,3.0,1.0,0.0,0.0,43.965,48235,47.114168517002
48237,8852.0,39.6,133.0,21.2,78.8,17.1,Jack County, Texas,3168.0,52045.0,67103.0,2246.0,63105.0,79076.0,8852.0,8227.0,443.0,24.0,9.0,0.0,7695.0,1255.0,16.3,none,0.1,2.91,5.0,16.9,68.9,62.2,74.5,3168.0,3.2,18.7,82.0,52045.0,24394.0,0.3,0.9,0.0,2.44,8852.0,3.7,18.0,5.8,92.9,77.2,6.0,0.0,0.0,1.0,45.13,48237,67.9427745416333
48239,14816.0,37.7,97.5,25.5,74.5,17.4,Jackson County, Texas,4917.0,62806.0,75091.0,3561.0,73625.0,85604.0,14816.0,12912.0,1010.0,0.0,162.0,9.0,14494.0,1942.0,13.4,comprehensive,1.1,3.55,6.8,33.1,72.8,62.6,80.3,4917.0,2.7,30.4,82.4,62806.0,27460.0,0.0,3.1,0.1,2.97,14816.0,2.5,15.8,6.2,87.1,58.5,6.0,0.0,0.0,1.0,45.805,48239,61.56637759850235
48241,35506.0,40.5,97.3,24.1,75.9,19.4,Jasper County, Texas,12936.0,44370.0,64222.0,8819.0,59031.0,75472.0,35506.0,27455.0,5889.0,93.0,177.0,58.0,34449.0,6371.0,18.5,none,0.5,3.3,16.6,6.7,65.3,47.7,72.9,12936.0,0.8,22.4,85.0,44370.0,24871.0,0.3,3.8,0.2,2.67,35506.0,7.0,17.5,7.4,77.3,74.5,6.0,0.0,0.0,1.0,44.7,48241,71.76673645298135
48243,2241.0,55.8,78.9,16.8,83.2,34.0,Jeff Davis County, Texas,1054.0,53088.0,57275.0,608.0,61230.0,65214.0,2241.0,2167.0,23.0,0.0,0.0,0.0,2177.0,85.0,3.9,none,0.0,2.78,1.0,39.8,61.2,84.3,66.5,1054.0,15.8,18.4,78.9,53088.0,27405.0,0.0,1.5,0.0,2.07,2241.0,4.4,16.9,11.5,96.7,58.4,9.0,0.0,1.0,0.0,40.955,48243,43.54804975064364
48245,254340.0,36.2,104.6,24.0,76.0,14.2,Jefferson County, Texas,92988.0,51248.0,71052.0,59839.0,62912.0,83507.0,254340.0,148331.0,85682.0,961.0,9565.0,130.0,237578.0,41948.0,17.7,none,3.8,3.23,33.7,20.7,72.8,64.8,72.4,92988.0,5.1,38.9,84.2,51248.0,27672.0,0.4,2.1,0.1,2.56,254340.0,4.6,19.9,7.6,58.3,40.6,2.0,1.0,0.0,0.0,44.84,48245,67.49760113896068
48247,5231.0,32.4,95.6,32.0,68.0,14.2,Jim Hogg County, Texas,1626.0,33382.0,48856.0,1179.0,43977.0,54588.0,5231.0,5165.0,17.0,0.0,0.0,0.0,5148.0,1576.0,30.6,none,0.0,3.88,0.3,91.3,56.4,41.7,60.5,1626.0,14.6,28.4,74.5,33382.0,19364.0,0.0,0.2,0.0,3.2,5231.0,7.8,21.5,3.5,98.7,8.1,6.0,0.0,0.0,1.0,50.44,48247,64.8900764716853
48249,40972.0,34.6,96.5,28.0,72.0,14.9,Jim Wells County, Texas,12987.0,41505.0,62079.0,9256.0,55182.0,72620.0,40972.0,39004.0,271.0,201.0,216.0,54.0,40463.0,9388.0,23.2,none,0.5,3.77,0.7,80.3,59.3,56.9,52.8,12987.0,9.3,29.4,74.9,41505.0,21554.0,0.5,2.1,0.1,3.12,40972.0,5.1,18.3,5.4,95.2,18.0,4.0,0.0,0.0,1.0,47.73,48249,68.9192002658183
48251,167212.0,36.8,99.8,26.1,73.9,13.8,Johnson County, Texas,57310.0,64359.0,81183.0,43539.0,74007.0,89651.0,167212.0,151615.0,5962.0,819.0,1627.0,661.0,164022.0,16799.0,10.2,none,1.0,3.29,3.6,21.4,85.6,77.3,85.1,57310.0,2.7,26.7,85.7,64359.0,31846.0,0.5,2.0,0.4,2.87,167212.0,3.2,15.9,6.5,90.7,72.0,1.0,1.0,0.0,0.0,43.965,48251,69.90091390108921
48253,19943.0,38.2,168.9,17.5,82.5,15.2,Jones County, Texas,5696.0,50344.0,67098.0,4019.0,62553.0,79454.0,19943.0,13992.0,2889.0,124.0,77.0,0.0,12753.0,1782.0,14.0,none,0.4,2.65,14.5,27.5,76.8,66.6,80.2,5696.0,5.2,25.4,78.4,50344.0,21856.0,0.6,8.6,0.0,2.24,19943.0,2.9,15.5,7.5,70.2,54.1,3.0,1.0,0.0,0.0,48.475,48253,67.87263292532379
48255,15545.0,35.4,143.0,20.8,79.2,14.0,Karnes County, Texas,4282.0,56127.0,89471.0,2815.0,72773.0,100446.0,15545.0,11825.0,1053.0,34.0,161.0,0.0,12432.0,2199.0,17.7,none,1.0,3.64,6.8,54.7,68.3,61.2,75.9,4282.0,8.6,25.5,75.7,56127.0,27036.0,0.2,12.0,0.0,2.84,15545.0,3.9,14.4,6.4,76.1,35.8,6.0,0.0,0.0,1.0,47.205,48255,69.92489521022428
48257,123804.0,35.5,96.5,27.7,72.3,11.8,Kaufman County, Texas,38015.0,70107.0,86500.0,29787.0,79328.0,94453.0,123804.0,100717.0,14662.0,447.0,1590.0,78.0,122078.0,13864.0,11.4,none,1.3,3.65,11.8,21.4,81.1,77.4,83.7,38015.0,2.5,23.4,85.8,70107.0,31774.0,0.4,2.6,0.1,3.22,123804.0,5.0,13.7,7.7,81.4,63.7,1.0,1.0,1.0,0.0,45.150000000000006,48257,70.8330929344781
48259,43769.0,41.4,96.4,23.7,76.3,18.9,Kendall County, Texas,14253.0,84747.0,130088.0,11030.0,101793.0,143095.0,43769.0,39336.0,253.0,213.0,392.0,55.0,43212.0,2411.0,5.6,none,0.9,3.43,0.6,23.9,88.4,88.6,88.9,14253.0,1.5,25.9,92.8,84747.0,34853.0,0.5,3.7,0.1,3.04,43769.0,3.7,9.7,9.3,89.9,72.3,1.0,1.0,1.0,0.0,35.19,48259,55.935861687971816
48261,568.0,39.7,97.2,29.6,70.4,25.4,Kenedy County, Texas,197.0,38021.0,39930.0,153.0,40688.0,42806.0,568.0,567.0,0.0,0.0,0.0,0.0,568.0,31.0,5.5,,0.0,3.39,0.0,94.7,48.2,31.5,55.8,197.0,49.7,76.6,26.4,38021.0,22847.0,0.0,0.2,0.0,2.86,568.0,0.0,25.9,0.0,99.8,5.3,9.0,0.0,0.0,0.0,46.365,48261,74.66387597155837
48263,647.0,51.0,83.8,24.6,75.4,28.1,Kent County, Texas,273.0,44688.0,73663.0,162.0,73750.0,98664.0,647.0,592.0,6.0,13.0,0.0,0.0,601.0,87.0,14.5,none,0.0,2.96,0.9,14.1,73.6,71.8,77.3,273.0,1.1,30.4,85.8,44688.0,28333.0,2.0,5.1,0.0,2.2,647.0,0.0,4.8,8.6,91.5,83.8,9.0,0.0,0.0,0.0,41.4,48263,69.5085669927613
48265,51843.0,47.4,93.3,19.3,80.7,27.1,Kerr County, Texas,21403.0,55990.0,78994.0,14551.0,66006.0,89446.0,51843.0,45818.0,765.0,316.0,431.0,41.0,50232.0,5880.0,11.7,none,0.8,2.79,1.5,26.9,83.1,77.1,77.5,21403.0,2.1,29.3,88.6,55990.0,27511.0,0.6,6.1,0.1,2.34,51843.0,3.8,16.1,12.1,88.4,68.7,4.0,0.0,1.0,1.0,38.7,48265,48.79380895643891
48267,4373.0,52.1,98.3,21.3,78.7,29.0,Kimble County, Texas,1783.0,43328.0,72565.0,1271.0,57112.0,85866.0,4373.0,4027.0,48.0,11.0,0.0,0.0,4330.0,964.0,22.3,none,0.0,2.87,1.1,21.8,70.3,64.0,66.1,1783.0,5.9,23.8,85.1,43328.0,25094.0,0.3,3.7,0.0,2.43,4373.0,4.3,18.3,12.3,92.1,75.7,7.0,0.0,1.0,0.0,45.085,48267,60.709634166392846
48269,237.0,40.0,97.5,29.5,70.5,10.5,King County, Texas,77.0,52083.0,66635.0,47.0,50417.0,68857.0,237.0,234.0,0.0,0.0,0.0,0.0,237.0,25.0,10.5,comprehensive,0.0,4.02,0.0,32.9,88.3,75.3,89.6,77.0,1.3,66.2,79.7,52083.0,33750.0,0.0,1.3,0.0,3.08,237.0,11.7,4.2,3.0,98.7,67.1,9.0,0.0,0.0,0.0,43.125,48269,61.91829601007508
48271,3659.0,49.8,145.7,12.8,87.2,24.7,Kinney County, Texas,1337.0,26738.0,49365.0,662.0,53452.0,61656.0,3659.0,3521.0,5.0,1.0,0.0,0.0,3404.0,667.0,19.6,none,0.0,3.83,0.1,59.3,48.2,49.5,46.1,1337.0,4.2,23.4,78.5,26738.0,19296.0,0.0,3.6,0.0,2.55,3659.0,2.9,10.8,21.7,96.2,40.6,7.0,0.0,0.0,0.0,49.045,48271,50.548144073164686
48273,30974.0,28.3,102.2,24.3,75.7,13.0,Kleberg County, Texas,10955.0,43730.0,59512.0,6979.0,52327.0,72163.0,30974.0,27421.0,1018.0,68.0,695.0,0.0,29084.0,7904.0,27.2,none,2.2,3.23,3.3,72.9,73.4,68.7,81.1,10955.0,3.8,47.2,78.4,43730.0,22844.0,0.2,3.5,0.0,2.66,30974.0,7.9,15.5,8.1,88.5,20.2,4.0,0.0,0.0,1.0,45.24,48273,65.87580759964881
48275,3705.0,39.5,99.2,26.7,73.3,18.3,Knox County, Texas,1375.0,48798.0,60846.0,962.0,62353.0,72853.0,3705.0,3142.0,206.0,9.0,40.0,0.0,3571.0,535.0,15.0,none,1.1,3.21,5.6,34.3,75.2,64.7,69.9,1375.0,8.9,17.1,81.9,48798.0,26690.0,0.2,5.7,0.0,2.59,3705.0,4.0,16.8,8.0,84.8,58.2,9.0,0.0,0.0,0.0,45.615,48275,66.75897998575364
48277,49611.0,40.7,92.0,23.8,76.2,18.9,Lamar County, Texas,19793.0,45117.0,60777.0,13201.0,56906.0,74433.0,49611.0,40350.0,6358.0,283.0,384.0,71.0,48911.0,8530.0,17.4,none,0.8,3.06,12.8,7.9,65.8,61.1,71.6,19793.0,1.0,35.5,84.3,45117.0,25175.0,0.6,0.5,0.1,2.47,49611.0,3.8,16.3,8.1,81.3,74.4,5.0,0.0,0.0,0.0,41.895,48277,70.4097443459453
48279,13123.0,36.4,100.7,27.9,72.1,16.5,Lamb County, Texas,4728.0,45111.0,59521.0,3265.0,57060.0,68077.0,13123.0,11819.0,515.0,50.0,73.0,0.0,12899.0,2453.0,19.0,none,0.6,3.36,3.9,55.6,67.3,57.0,74.1,4728.0,4.9,28.5,74.9,45111.0,24806.0,0.4,2.4,0.0,2.73,13123.0,3.2,23.0,5.2,90.1,39.3,6.0,0.0,0.0,1.0,45.625,48279,64.01298879658005
48281,20862.0,43.1,99.9,22.2,77.8,18.8,Lampasas County, Texas,7807.0,60772.0,75447.0,5770.0,73071.0,88064.0,20862.0,18212.0,961.0,132.0,240.0,98.0,20605.0,2280.0,11.1,none,1.2,3.09,4.6,19.4,76.7,77.3,78.1,7807.0,1.1,22.6,91.0,60772.0,30269.0,0.6,2.1,0.5,2.64,20862.0,6.4,13.1,22.1,87.3,72.6,2.0,1.0,1.0,0.0,42.22,48281,62.85605809925538
48283,7416.0,36.5,139.7,20.2,79.8,17.0,La Salle County, Texas,2269.0,50151.0,69533.0,1629.0,54498.0,85366.0,7416.0,6454.0,108.0,0.0,12.0,0.0,6460.0,1098.0,17.0,comprehensive,0.2,3.41,1.5,84.1,56.3,52.1,72.0,2269.0,15.8,31.3,63.6,50151.0,20019.0,0.0,7.6,0.0,2.85,7416.0,3.6,18.8,6.8,87.0,13.2,6.0,0.0,0.0,1.0,53.705,48283,75.82537974765218
48285,20021.0,43.4,93.9,23.7,76.3,23.3,Lavaca County, Texas,7826.0,54403.0,79698.0,5609.0,69898.0,94362.0,20021.0,15747.0,1281.0,45.0,94.0,5.0,19546.0,2083.0,10.7,none,0.5,2.99,6.4,18.9,75.8,63.6,69.8,7826.0,2.7,25.7,85.6,54403.0,29296.0,0.2,11.3,0.0,2.5,20021.0,2.6,10.1,7.8,78.7,73.5,6.0,0.0,0.0,1.0,45.165,48285,60.67228473597298
48287,17058.0,41.1,100.0,22.2,77.8,18.8,Lee County, Texas,6036.0,54744.0,70253.0,4485.0,63836.0,81058.0,17058.0,13945.0,1917.0,0.0,182.0,0.0,16596.0,2040.0,12.3,none,1.1,3.21,11.2,23.7,77.4,66.0,73.6,6036.0,4.7,19.4,84.6,54744.0,28827.0,0.0,5.0,0.0,2.74,17058.0,1.4,15.8,8.2,81.8,63.3,6.0,0.0,0.0,1.0,45.215,48287,58.64867423548446
48289,17225.0,44.3,99.0,22.6,77.4,24.2,Leon County, Texas,6443.0,43045.0,75277.0,4363.0,57173.0,73031.0,17225.0,15331.0,1173.0,107.0,138.0,55.0,17129.0,3023.0,17.6,none,0.8,3.28,6.8,14.6,70.8,64.5,72.0,6443.0,2.4,22.6,81.8,43045.0,23653.0,0.6,1.6,0.3,2.66,17225.0,6.7,17.0,9.9,89.0,76.1,8.0,0.0,1.0,1.0,44.55,48289,63.11491978379019
48291,83702.0,35.5,97.5,26.1,73.9,13.0,Liberty County, Texas,26873.0,51494.0,68334.0,19314.0,60951.0,78244.0,83702.0,67404.0,8273.0,496.0,439.0,13.0,75950.0,10708.0,14.1,partial,0.5,3.41,9.9,24.8,79.2,63.9,77.1,26873.0,3.8,24.5,77.3,51494.0,27199.0,0.6,7.4,0.0,2.84,83702.0,6.8,19.8,8.8,80.5,63.3,1.0,1.0,0.0,0.0,47.195,48291,76.78915008867291
48293,23417.0,39.9,105.3,22.5,77.5,18.7,Limestone County, Texas,8377.0,44418.0,59351.0,5852.0,54113.0,70214.0,23417.0,18013.0,4037.0,399.0,177.0,67.0,22572.0,4388.0,19.4,none,0.8,3.26,17.2,21.9,63.8,59.9,71.6,8377.0,5.0,25.9,81.1,44418.0,23703.0,1.7,2.0,0.3,2.68,23417.0,5.7,19.0,8.4,76.9,58.7,6.0,0.0,0.0,1.0,46.57,48293,73.03369290300573
48295,3398.0,34.7,101.5,26.5,73.5,17.1,Lipscomb County, Texas,1192.0,59091.0,76016.0,889.0,66750.0,83161.0,3398.0,2779.0,18.0,65.0,66.0,0.0,3320.0,428.0,12.9,none,1.9,3.25,0.5,32.0,82.7,70.8,79.9,1192.0,4.7,26.2,82.1,59091.0,27259.0,1.9,9.9,0.0,2.82,3398.0,5.3,19.9,6.7,81.8,62.5,9.0,0.0,0.0,0.0,42.605,48295,58.13692264264976
48297,12139.0,42.2,123.5,20.0,80.0,20.3,Live Oak County, Texas,3752.0,53848.0,71127.0,2447.0,69232.0,84669.0,12139.0,11326.0,279.0,34.0,173.0,0.0,10665.0,1837.0,17.2,none,1.4,3.61,2.3,40.0,58.9,55.4,61.3,3752.0,5.0,18.0,76.9,53848.0,24005.0,0.3,1.6,0.0,2.85,12139.0,2.7,17.9,9.5,93.3,56.1,8.0,0.0,0.0,1.0,44.83,48297,52.03990176062169
48299,21047.0,57.4,96.9,15.0,85.0,36.4,Llano County, Texas,8678.0,53411.0,85015.0,5741.0,62822.0,100639.0,21047.0,19456.0,143.0,306.0,65.0,0.0,20795.0,2211.0,10.6,none,0.3,2.91,0.7,10.4,81.0,77.0,75.4,8678.0,1.3,21.9,85.8,53411.0,25152.0,1.5,2.3,0.0,2.4,21047.0,5.9,17.3,14.1,92.4,86.4,7.0,0.0,1.0,0.0,40.505,48299,47.63365526162745
48301,98.0,55.2,122.7,25.5,74.5,25.5,Loving County, Texas,30.0,83750.0,105773.0,20.0,102917.0,85320.0,98.0,95.0,0.0,3.0,0.0,0.0,98.0,15.0,15.3,,0.0,3.9,0.0,12.2,73.3,93.3,83.3,30.0,6.7,36.7,80.3,83750.0,23750.0,3.1,0.0,0.0,3.27,98.0,0.0,12.2,5.5,96.9,84.7,9.0,0.0,0.0,0.0,43.01,48301,70.28097412871803
48303,304808.0,30.8,97.3,24.0,76.0,12.2,Lubbock County, Texas,113488.0,52429.0,73239.0,69992.0,69457.0,89459.0,304808.0,250230.0,21279.0,3123.0,6728.0,318.0,292392.0,55155.0,18.9,none,2.2,3.18,7.0,35.4,79.8,74.7,85.1,113488.0,2.7,44.8,86.2,52429.0,26244.0,1.0,4.7,0.1,2.58,304808.0,3.3,13.0,6.2,82.1,53.5,2.0,1.0,0.0,0.0,39.265,48303,61.97583953755824
48305,5830.0,37.3,106.8,27.1,72.9,16.9,Lynn County, Texas,2154.0,43382.0,65295.0,1535.0,56098.0,77852.0,5830.0,5199.0,65.0,16.0,46.0,6.0,5775.0,1053.0,18.2,none,0.8,3.25,1.1,47.2,71.6,59.8,73.0,2154.0,4.9,31.7,75.4,43382.0,25000.0,0.3,3.8,0.1,2.68,5830.0,6.3,18.7,6.8,89.2,49.3,2.0,1.0,0.0,0.0,45.365,48305,64.63344484246957
48307,8057.0,44.6,118.3,22.5,77.5,21.8,McCulloch County, Texas,3143.0,47707.0,58812.0,2068.0,59009.0,68795.0,8057.0,6668.0,87.0,26.0,60.0,0.0,7845.0,1326.0,16.9,none,0.7,3.1,1.1,32.3,76.3,66.2,73.9,3143.0,4.2,27.8,76.8,47707.0,23211.0,0.3,10.0,0.0,2.51,8057.0,3.2,20.6,8.9,82.8,60.5,7.0,0.0,0.0,0.0,44.665000000000006,48307,69.69235222020527
48309,251089.0,33.3,95.4,24.7,75.3,14.1,McLennan County, Texas,90054.0,49778.0,69146.0,59833.0,62727.0,81654.0,251089.0,196885.0,36746.0,1089.0,4053.0,133.0,241276.0,46207.0,19.2,none,1.6,3.24,14.6,26.3,77.7,71.1,80.6,90054.0,6.2,40.8,84.9,49778.0,25390.0,0.4,2.6,0.1,2.68,251089.0,3.9,14.5,7.7,78.4,55.9,2.0,1.0,0.0,0.0,43.5,48309,64.77299180495658
48311,774.0,38.2,114.4,28.9,71.1,18.3,McMullen County, Texas,270.0,62000.0,92126.0,210.0,65750.0,98769.0,774.0,765.0,0.0,9.0,0.0,0.0,774.0,91.0,11.8,none,0.0,3.35,0.0,49.7,76.3,59.6,83.0,270.0,1.9,24.1,92.7,62000.0,32325.0,1.2,0.0,0.0,2.87,774.0,6.6,17.8,5.3,98.8,49.1,9.0,0.0,0.0,0.0,45.290000000000006,48311,59.60581579255192
48313,14197.0,35.2,131.3,21.4,78.6,15.2,Madison County, Texas,4269.0,52664.0,69955.0,2816.0,63471.0,84592.0,14197.0,10357.0,2332.0,26.0,477.0,10.0,10964.0,1319.0,12.0,comprehensive,3.4,3.27,16.4,23.2,69.1,63.7,71.4,4269.0,3.2,25.8,80.8,52664.0,24769.0,0.2,4.4,0.1,2.59,14197.0,3.7,15.4,8.0,73.0,55.0,6.0,0.0,0.0,1.0,47.555,48313,66.08510881979053
48315,10017.0,50.6,94.2,17.9,82.1,25.9,Marion County, Texas,4715.0,37662.0,58450.0,2912.0,48585.0,70000.0,10017.0,7292.0,2294.0,11.0,32.0,41.0,9906.0,1901.0,19.2,none,0.3,2.73,22.9,4.1,62.9,48.9,65.9,4715.0,1.9,22.7,85.2,37662.0,22340.0,0.1,2.1,0.4,2.1,10017.0,10.1,11.6,9.6,72.8,70.8,8.0,0.0,0.0,1.0,49.325,48315,68.1774111934883
48317,5649.0,32.7,108.8,31.1,68.9,12.1,Martin County, Texas,1694.0,66610.0,91265.0,1245.0,81688.0,101432.0,5649.0,4479.0,48.0,115.0,4.0,8.0,5589.0,474.0,8.5,none,0.1,4.06,0.8,45.0,62.9,69.0,74.6,1694.0,6.8,26.2,77.4,66610.0,33282.0,2.0,16.9,0.1,3.3,5649.0,3.4,10.9,4.3,79.3,53.9,3.0,1.0,0.0,0.0,45.765,48317,69.25016357456322
48319,4186.0,46.3,117.0,23.8,76.2,24.4,Mason County, Texas,1696.0,42276.0,69255.0,1075.0,62532.0,86707.0,4186.0,3705.0,2.0,84.0,101.0,0.0,4176.0,447.0,10.7,comprehensive,2.4,3.17,0.0,22.2,73.2,66.9,73.7,1696.0,6.3,29.4,87.7,42276.0,26329.0,2.0,1.2,0.0,2.46,4186.0,6.6,19.0,9.5,88.5,74.2,9.0,0.0,0.0,0.0,42.08,48319,53.39131232234228
48321,36774.0,38.2,99.6,25.8,74.2,16.3,Matagorda County, Texas,13848.0,48913.0,64806.0,9262.0,60061.0,74325.0,36774.0,25145.0,3813.0,141.0,710.0,120.0,36334.0,6884.0,18.9,none,1.9,3.35,10.4,42.5,63.4,62.0,72.6,13848.0,7.2,29.3,80.6,48913.0,25473.0,0.4,16.8,0.3,2.63,36774.0,5.6,17.9,8.8,68.4,43.6,4.0,0.0,0.0,1.0,45.165,48321,64.62149729958446
48323,58174.0,29.6,99.2,31.5,68.5,11.5,Maverick County, Texas,16286.0,39625.0,53367.0,13446.0,44563.0,57079.0,58174.0,54104.0,280.0,805.0,318.0,24.0,57972.0,15616.0,26.9,none,0.5,3.99,0.5,95.2,61.3,52.9,67.9,16286.0,26.6,34.3,59.5,39625.0,18489.0,1.4,3.8,0.0,3.56,58174.0,9.1,31.1,1.8,93.0,2.5,5.0,0.0,0.0,0.0,50.695,48323,50.56908068710371
48325,50057.0,39.0,106.5,23.2,76.8,16.5,Medina County, Texas,15682.0,62599.0,82279.0,11623.0,78571.0,95603.0,50057.0,45440.0,1331.0,278.0,359.0,21.0,47552.0,5372.0,11.3,none,0.7,3.54,2.7,52.0,73.6,67.3,72.5,15682.0,2.7,19.6,83.2,62599.0,26529.0,0.6,3.3,0.0,3.03,50057.0,3.4,14.0,11.1,90.8,43.6,1.0,1.0,1.0,0.0,44.84,48325,57.14219913340188
48327,2119.0,51.8,120.5,12.6,87.4,31.4,Menard County, Texas,1014.0,36395.0,51304.0,581.0,53817.0,71997.0,2119.0,1710.0,1.0,3.0,0.0,0.0,2074.0,276.0,13.3,comprehensive,0.0,2.72,0.0,41.7,66.1,46.0,70.8,1014.0,10.8,30.9,77.9,36395.0,22898.0,0.1,10.3,0.0,2.05,2119.0,3.7,31.0,11.7,80.7,54.8,9.0,0.0,1.0,0.0,44.085,48327,64.46560227296035
48329,168167.0,31.7,102.3,28.4,71.6,10.3,Midland County, Texas,56998.0,79421.0,110414.0,39004.0,94223.0,125070.0,168167.0,138180.0,11200.0,968.0,3356.0,79.0,166097.0,15871.0,9.6,partial,2.0,3.56,6.7,44.7,84.1,75.7,86.5,56998.0,5.0,33.1,84.5,79421.0,38804.0,0.6,6.1,0.0,2.92,168167.0,2.9,16.6,6.2,82.2,45.4,3.0,1.0,0.0,0.0,40.145,48329,53.62852071521734
48331,24770.0,41.7,98.2,24.4,75.6,20.3,Milam County, Texas,9228.0,47902.0,65836.0,6217.0,60348.0,78500.0,24770.0,21121.0,2582.0,73.0,142.0,0.0,24237.0,3744.0,15.4,none,0.6,3.3,10.4,26.4,68.5,59.2,70.0,9228.0,2.6,28.6,81.4,47902.0,26198.0,0.3,1.6,0.0,2.63,24770.0,3.5,13.5,8.4,85.3,62.4,6.0,0.0,0.0,1.0,45.8,48331,59.58832849927298
48333,4889.0,52.1,94.5,19.2,80.8,30.8,Mills County, Texas,1790.0,49306.0,66818.0,1160.0,62167.0,85124.0,4889.0,4804.0,19.0,9.0,11.0,0.0,4706.0,734.0,15.6,comprehensive,0.2,3.31,0.4,21.0,71.5,68.7,70.2,1790.0,3.5,14.9,83.0,49306.0,20128.0,0.2,0.9,0.0,2.63,4889.0,0.6,17.8,11.1,98.3,78.2,9.0,0.0,0.0,0.0,42.965,48333,58.70816931876079
48335,8523.0,33.9,154.9,19.8,80.2,15.4,Mitchell County, Texas,2382.0,51492.0,73526.0,1514.0,78283.0,94763.0,8523.0,6824.0,840.0,181.0,37.0,0.0,6320.0,712.0,11.3,comprehensive,0.4,3.38,9.9,39.9,66.2,58.9,78.3,2382.0,4.2,21.0,78.7,51492.0,26595.0,2.1,5.3,0.0,2.72,8523.0,2.1,18.1,5.3,80.1,47.9,7.0,0.0,0.0,0.0,45.975,48335,68.31406929553171
48337,19489.0,44.6,94.3,22.9,77.1,22.4,Montague County, Texas,7800.0,51765.0,68126.0,5179.0,61815.0,77678.0,19489.0,18607.0,131.0,159.0,0.0,0.0,19143.0,2995.0,15.6,none,0.0,3.02,0.7,11.0,72.2,66.8,77.0,7800.0,2.5,27.6,85.7,51765.0,27018.0,0.8,1.2,0.0,2.45,19489.0,5.1,18.7,9.5,95.5,85.8,6.0,0.0,0.0,1.0,44.49,48337,79.07129327388928
48339,571949.0,37.1,98.0,26.5,73.5,12.8,Montgomery County, Texas,198649.0,80902.0,115218.0,148464.0,95962.0,131124.0,571949.0,494422.0,28396.0,2180.0,16868.0,243.0,568523.0,52589.0,9.3,none,2.9,3.34,5.0,24.1,89.9,83.8,88.6,198649.0,3.4,29.0,87.7,80902.0,37915.0,0.4,2.5,0.0,2.87,571949.0,3.9,14.1,7.5,86.4,66.0,1.0,1.0,1.0,0.0,40.475,48339,59.8997531914567
48341,21399.0,30.8,110.2,31.5,68.5,10.7,Moore County, Texas,6733.0,54871.0,67850.0,5068.0,59118.0,73693.0,21399.0,16420.0,803.0,110.0,1463.0,0.0,21148.0,2712.0,12.8,none,6.8,3.73,3.8,56.1,84.4,61.9,84.6,6733.0,15.1,34.2,67.3,54871.0,31237.0,0.5,9.7,0.0,3.15,21399.0,5.4,17.3,4.4,76.7,32.5,7.0,0.0,0.0,0.0,46.045,48341,56.28180779056889
48343,12373.0,43.0,90.1,23.0,77.0,21.5,Morris County, Texas,5117.0,41359.0,55192.0,3379.0,52799.0,63924.0,12373.0,8570.0,2882.0,38.0,20.0,8.0,12210.0,2170.0,17.8,comprehensive,0.2,3.04,23.3,9.9,78.0,59.3,69.1,5117.0,0.4,27.0,88.6,41359.0,23596.0,0.3,4.2,0.1,2.39,12373.0,6.7,15.8,12.1,69.3,64.4,6.0,0.0,0.0,1.0,46.345,48343,71.57633622694092
48345,1252.0,41.3,117.0,25.5,74.5,31.4,Motley County, Texas,489.0,43859.0,65925.0,313.0,63194.0,84259.0,1252.0,1096.0,19.0,0.0,0.0,0.0,1252.0,101.0,8.1,none,0.0,3.32,1.5,19.6,69.5,75.3,70.6,489.0,0.0,31.7,87.5,43859.0,23807.0,0.0,7.8,0.0,2.56,1252.0,8.0,18.4,12.3,87.5,74.4,9.0,0.0,0.0,0.0,41.84,48345,64.40848818693169
48347,65339.0,30.9,92.2,23.2,76.8,14.2,Nacogdoches County, Texas,23757.0,44847.0,63497.0,15146.0,58224.0,78932.0,65339.0,49935.0,11583.0,689.0,1055.0,14.0,59750.0,14803.0,24.8,none,1.6,3.09,17.7,19.4,78.9,70.7,79.1,23757.0,3.0,43.4,82.9,44847.0,21426.0,1.1,1.2,0.0,2.52,65339.0,7.6,17.5,6.8,76.4,59.5,5.0,0.0,0.0,0.0,45.275,48347,68.95789310334955
48349,48995.0,38.1,96.8,26.2,73.8,16.8,Navarro County, Texas,17338.0,48529.0,65225.0,12347.0,57856.0,75088.0,48995.0,36379.0,5985.0,924.0,333.0,761.0,48041.0,8150.0,17.0,none,0.7,3.32,12.2,27.3,76.1,63.5,76.3,17338.0,5.1,31.1,78.4,48529.0,24951.0,1.9,6.6,1.6,2.77,48995.0,6.0,18.4,7.7,74.3,56.0,4.0,0.0,0.0,1.0,46.795,48349,63.83252042299515
48351,13914.0,44.3,105.1,20.2,79.8,20.1,Newton County, Texas,5315.0,40101.0,54004.0,3885.0,49440.0,63670.0,13914.0,10517.0,2823.0,46.0,77.0,0.0,13743.0,3357.0,24.4,none,0.6,3.04,20.3,3.6,69.9,47.6,72.5,5315.0,0.0,15.4,83.4,40101.0,21019.0,0.3,0.3,0.0,2.59,13914.0,8.3,20.0,9.2,75.6,73.5,2.0,1.0,0.0,0.0,48.425,48351,70.48733163891853
48353,14904.0,37.5,105.3,26.0,74.0,17.6,Nolan County, Texas,5407.0,45537.0,64120.0,3654.0,57713.0,78537.0,14904.0,13090.0,888.0,73.0,43.0,0.0,14623.0,2359.0,16.1,none,0.3,3.32,6.0,37.7,72.8,61.1,76.0,5407.0,4.9,32.8,82.3,45537.0,23370.0,0.5,4.3,0.0,2.71,14904.0,6.8,19.0,7.4,87.8,55.5,6.0,0.0,0.0,1.0,44.915,48353,68.16817344579421
48355,361540.0,35.5,97.5,24.8,75.2,14.1,Nueces County, Texas,129451.0,55919.0,74953.0,87543.0,68174.0,86354.0,361540.0,325660.0,13542.0,1737.0,7501.0,213.0,353228.0,58539.0,16.6,none,2.1,3.33,3.7,63.7,81.3,66.5,80.8,129451.0,4.3,42.0,82.8,55919.0,27335.0,0.5,1.9,0.1,2.73,361540.0,4.8,17.1,9.7,90.1,29.5,2.0,1.0,0.0,0.0,42.91,48355,57.77670513099467
48357,10131.0,32.3,102.5,31.1,68.9,10.5,Ochiltree County, Texas,3483.0,50464.0,68093.0,2616.0,60600.0,75973.0,10131.0,8884.0,82.0,92.0,26.0,0.0,10029.0,1522.0,15.2,none,0.3,3.4,0.8,54.2,75.6,73.9,80.8,3483.0,9.0,26.6,74.4,50464.0,24270.0,0.9,7.3,0.0,2.89,10131.0,5.1,21.1,6.5,87.7,43.1,7.0,0.0,0.0,0.0,46.4,48357,67.02173100356941
48359,2094.0,35.9,111.9,33.6,66.4,14.8,Oldham County, Texas,594.0,64545.0,84947.0,431.0,74922.0,99240.0,2094.0,1928.0,66.0,1.0,39.0,0.0,1669.0,152.0,9.1,none,1.9,3.25,3.2,15.2,79.3,72.7,80.1,594.0,1.9,21.5,90.3,64545.0,27938.0,0.0,0.0,0.0,2.76,2094.0,1.5,10.4,5.0,92.1,77.1,2.0,1.0,0.0,0.0,44.7,48359,57.18943977885665
48361,84069.0,37.9,98.5,24.8,75.2,15.6,Orange County, Texas,31694.0,59399.0,77645.0,22168.0,73788.0,88907.0,84069.0,73496.0,7327.0,283.0,1022.0,0.0,82867.0,11029.0,13.3,none,1.2,3.14,8.7,7.7,80.7,69.9,79.2,31694.0,0.8,24.7,87.9,59399.0,31543.0,0.3,0.7,0.0,2.63,84069.0,4.8,15.9,8.3,87.4,80.7,2.0,1.0,0.0,0.0,45.435,48361,72.47030085890161
48363,28540.0,40.6,97.1,23.4,76.6,19.4,Palo Pinto County, Texas,10255.0,50154.0,66155.0,6896.0,58801.0,74534.0,28540.0,26133.0,715.0,198.0,226.0,29.0,28153.0,5097.0,18.1,none,0.8,3.31,2.5,19.9,75.6,69.3,78.7,10255.0,3.9,27.3,84.2,50154.0,23594.0,0.7,2.8,0.1,2.76,28540.0,6.4,19.5,9.7,91.6,75.0,6.0,0.0,0.0,1.0,45.245000000000005,48363,72.56816269097386
48365,23327.0,39.2,97.1,23.6,76.4,18.7,Panola County, Texas,8637.0,52982.0,68305.0,6232.0,59416.0,75790.0,23327.0,18899.0,4032.0,36.0,57.0,0.0,22779.0,3353.0,14.7,none,0.2,3.13,17.3,8.7,73.3,62.0,72.6,8637.0,1.0,23.3,82.9,52982.0,26162.0,0.2,0.7,0.0,2.65,23327.0,5.1,17.1,8.3,81.0,73.2,6.0,0.0,0.0,1.0,47.275000000000006,48365,65.0058592775216
48367,133811.0,39.7,98.8,24.8,75.2,15.3,Parker County, Texas,44263.0,77503.0,100080.0,33826.0,90102.0,112594.0,133811.0,124714.0,1781.0,1253.0,757.0,79.0,131923.0,10675.0,8.1,none,0.6,3.43,1.3,12.3,85.1,81.3,86.7,44263.0,2.0,21.2,88.6,77503.0,32185.0,0.9,1.5,0.1,2.99,133811.0,4.3,14.5,9.8,93.2,83.5,1.0,1.0,1.0,0.0,41.87,48367,64.9057665325523
48369,9718.0,33.4,105.2,29.3,70.7,13.5,Parmer County, Texas,3203.0,55359.0,68099.0,2312.0,65000.0,79001.0,9718.0,8409.0,116.0,35.0,42.0,28.0,9643.0,1440.0,14.9,none,0.4,3.64,1.2,63.3,66.0,59.4,74.2,3203.0,11.9,33.1,70.8,55359.0,29158.0,0.4,5.9,0.3,3.01,9718.0,1.6,19.9,3.7,86.5,34.1,7.0,0.0,0.0,0.0,47.615,48369,61.19793555398177
48371,15815.0,35.9,130.9,24.6,75.4,12.7,Pecos County, Texas,4656.0,52397.0,68797.0,3339.0,61183.0,72882.0,15815.0,13059.0,556.0,174.0,96.0,24.0,13490.0,2041.0,15.1,none,0.6,3.52,3.5,68.8,63.3,60.3,72.7,4656.0,9.8,27.8,69.1,52397.0,27388.0,1.1,10.6,0.2,2.89,15815.0,2.1,18.1,6.7,82.6,25.2,7.0,0.0,0.0,0.0,45.335,48371,53.34612774499164
48373,48913.0,43.7,117.9,20.3,79.7,18.5,Polk County, Texas,18033.0,49279.0,65557.0,12586.0,58073.0,75631.0,48913.0,41071.0,4794.0,797.0,378.0,70.0,45305.0,8238.0,18.2,none,0.8,3.01,9.8,15.3,71.5,65.4,72.0,18033.0,2.1,24.0,81.6,49279.0,25626.0,1.6,1.7,0.1,2.51,48913.0,7.2,18.2,10.9,84.0,70.9,6.0,0.0,1.0,1.0,47.11,48373,66.19314621298898
48375,119674.0,33.9,106.7,27.5,72.5,12.2,Potter County, Texas,44380.0,42528.0,60595.0,28534.0,52700.0,71334.0,119674.0,93546.0,12048.0,761.0,6469.0,258.0,112681.0,22979.0,20.4,partial,5.4,3.23,10.1,38.3,74.0,62.3,80.4,44380.0,7.5,44.8,77.0,42528.0,25457.0,0.6,2.5,0.2,2.54,119674.0,3.2,22.1,6.9,78.2,44.1,2.0,1.0,0.0,0.0,43.465,48375,68.83041418520516
48377,6975.0,41.9,92.5,25.9,74.1,24.1,Presidio County, Texas,2543.0,25098.0,38032.0,1375.0,33417.0,49073.0,6975.0,6561.0,0.0,204.0,94.0,0.0,6970.0,2717.0,39.0,none,1.3,4.09,0.0,83.7,48.4,50.4,51.7,2543.0,32.3,42.2,53.4,25098.0,14817.0,2.9,1.7,0.0,2.74,6975.0,10.9,26.1,1.4,94.1,13.0,7.0,0.0,0.0,0.0,48.27,48377,42.99994007138788
48379,11766.0,48.4,101.0,19.5,80.5,24.6,Rains County, Texas,4330.0,51579.0,71527.0,3062.0,69225.0,84095.0,11766.0,10505.0,415.0,65.0,42.0,0.0,11669.0,1510.0,12.9,none,0.4,3.19,3.5,9.1,72.6,66.5,68.7,4330.0,2.1,22.3,85.4,51579.0,24729.0,0.6,5.1,0.0,2.7,11766.0,2.9,19.4,12.1,89.3,85.3,8.0,0.0,1.0,1.0,46.86,48379,65.57598034483202
48381,134026.0,35.9,96.2,24.1,75.9,14.7,Randall County, Texas,49389.0,68261.0,87396.0,33768.0,84353.0,103524.0,134026.0,118890.0,3678.0,712.0,2589.0,387.0,131196.0,11104.0,8.5,none,1.9,3.22,2.7,21.6,88.2,82.2,86.5,49389.0,1.8,29.2,92.3,68261.0,34417.0,0.5,2.4,0.3,2.66,134026.0,3.1,9.5,9.3,88.7,71.7,2.0,1.0,0.0,0.0,35.865,48381,51.7278451329877
48383,3766.0,30.0,108.0,32.7,67.3,8.2,Reagan County, Texas,1084.0,74868.0,79512.0,826.0,79375.0,85838.0,3766.0,1719.0,32.0,0.0,6.0,0.0,3731.0,357.0,9.6,none,0.2,4.1,0.8,68.8,73.1,66.6,79.8,1084.0,10.2,32.6,82.2,74868.0,38030.0,0.0,51.6,0.0,3.44,3766.0,6.2,22.1,4.5,45.6,29.8,6.0,0.0,0.0,1.0,48.335,48383,71.78768763504976
48385,3408.0,47.4,78.4,25.7,74.3,28.6,Real County, Texas,1126.0,35862.0,48276.0,675.0,49950.0,63596.0,3408.0,3245.0,19.0,0.0,2.0,0.0,3156.0,780.0,24.7,none,0.1,3.56,0.6,26.3,61.7,67.8,53.8,1126.0,2.7,23.5,83.3,35862.0,20868.0,0.0,4.1,0.0,2.92,3408.0,1.7,26.6,12.1,95.2,73.1,9.0,0.0,1.0,0.0,45.315,48385,66.94215290717634
48387,12171.0,45.9,89.8,20.1,79.9,24.4,Red River County, Texas,4963.0,39142.0,52213.0,3284.0,52079.0,62941.0,12171.0,9642.0,2039.0,60.0,10.0,0.0,11969.0,2352.0,19.7,none,0.1,3.02,16.8,7.3,64.1,58.0,60.2,4963.0,0.6,23.4,85.4,39142.0,22731.0,0.5,1.1,0.0,2.41,12171.0,6.6,14.4,5.5,79.2,73.4,6.0,0.0,0.0,1.0,48.74,48387,79.40321193615551
48389,15492.0,35.8,129.6,22.2,77.8,12.7,Reeves County, Texas,3518.0,53311.0,65457.0,2555.0,62149.0,72999.0,15492.0,12014.0,446.0,8.0,204.0,21.0,13512.0,2033.0,15.0,none,1.3,4.68,2.9,74.7,61.8,59.3,72.7,3518.0,10.5,27.5,69.7,53311.0,22515.0,0.1,17.3,0.1,3.87,15492.0,8.1,20.4,5.9,77.5,22.3,7.0,0.0,0.0,0.0,50.89,48389,59.29327949828918
48391,7145.0,43.3,92.8,23.2,76.8,21.6,Refugio County, Texas,2547.0,50076.0,61935.0,1741.0,61142.0,68245.0,7145.0,5766.0,480.0,20.0,21.0,0.0,6969.0,1148.0,16.5,none,0.3,3.42,6.7,50.4,69.9,56.3,75.9,2547.0,2.4,27.2,80.3,50076.0,22952.0,0.3,7.8,0.0,2.74,7145.0,7.4,15.9,9.0,80.7,41.6,6.0,0.0,0.0,1.0,45.97,48391,65.69942355021661
48393,805.0,43.2,92.6,27.0,73.0,25.6,Roberts County, Texas,301.0,68750.0,81712.0,234.0,73750.0,84819.0,805.0,782.0,0.0,0.0,0.0,0.0,791.0,93.0,11.8,partial,0.0,2.94,0.0,13.3,81.4,85.0,85.7,301.0,0.0,20.3,92.7,68750.0,30806.0,0.0,0.0,0.0,2.67,805.0,0.0,10.6,7.7,97.1,83.9,9.0,0.0,0.0,0.0,40.54,48393,63.60952499248685
48395,16990.0,41.5,95.9,23.8,76.2,19.0,Robertson County, Texas,6444.0,52928.0,67904.0,4573.0,63468.0,76965.0,16990.0,12988.0,3474.0,77.0,31.0,18.0,16786.0,2356.0,14.0,none,0.2,3.13,20.4,21.0,73.7,62.9,76.0,6444.0,3.4,23.9,84.5,52928.0,24907.0,0.5,1.3,0.1,2.61,16990.0,6.8,13.3,6.2,76.4,57.2,3.0,1.0,0.0,0.0,47.595,48395,68.24268217452625
48397,97175.0,37.5,97.6,27.2,72.8,12.1,Rockwall County, Texas,33032.0,100920.0,122912.0,26595.0,112753.0,133299.0,97175.0,82587.0,6148.0,402.0,2642.0,48.0,96447.0,4579.0,4.7,none,2.7,3.29,6.3,17.6,93.1,91.4,90.9,33032.0,1.6,18.2,92.7,100920.0,46518.0,0.4,2.4,0.0,2.92,97175.0,3.4,11.5,8.2,85.0,70.8,1.0,1.0,1.0,0.0,38.985,48397,63.09295702162553
48399,10277.0,40.8,100.8,23.3,76.7,20.6,Runnels County, Texas,3896.0,44940.0,61133.0,2691.0,55034.0,71393.0,10277.0,9510.0,309.0,16.0,11.0,0.0,9936.0,1518.0,15.3,none,0.1,3.08,3.0,34.2,72.1,62.6,70.1,3896.0,0.9,28.9,79.2,44940.0,24755.0,0.2,3.0,0.0,2.58,10277.0,2.1,13.6,8.1,92.5,61.5,6.0,0.0,0.0,1.0,45.36,48399,62.07247879832751
48401,53755.0,38.2,113.8,22.6,77.4,16.4,Rusk County, Texas,18108.0,55234.0,72751.0,13070.0,64068.0,82990.0,53755.0,41975.0,9075.0,90.0,279.0,30.0,48705.0,5769.0,11.8,none,0.5,3.18,16.9,16.8,62.5,64.1,73.6,18108.0,2.6,22.2,80.6,55234.0,26176.0,0.2,1.7,0.1,2.7,53755.0,6.6,18.4,7.7,78.1,63.7,3.0,1.0,0.0,0.0,47.24,48401,66.96285179848657
48403,10471.0,53.0,91.8,18.7,81.3,30.5,Sabine County, Texas,4311.0,34992.0,57482.0,2940.0,50185.0,69252.0,10471.0,9348.0,591.0,71.0,10.0,30.0,10326.0,2076.0,20.1,none,0.1,2.95,5.6,4.6,74.8,70.5,64.7,4311.0,0.3,11.8,84.7,34992.0,20582.0,0.7,0.8,0.3,2.41,10471.0,8.8,12.5,14.0,89.3,85.5,8.0,0.0,0.0,1.0,47.175,48403,72.23837294198302
48405,8286.0,49.3,91.9,19.8,80.2,26.4,San Augustine County, Texas,3451.0,40353.0,55320.0,2486.0,47250.0,63339.0,8286.0,6111.0,1768.0,132.0,14.0,0.0,8044.0,1995.0,24.8,none,0.2,2.76,21.3,7.2,66.9,57.2,69.6,3451.0,1.9,22.5,82.3,40353.0,21445.0,1.6,0.9,0.0,2.33,8286.0,7.4,14.8,11.3,73.8,69.1,9.0,0.0,0.0,0.0,49.505,48405,66.49674614497226
48407,28180.0,44.9,95.9,22.1,77.9,22.1,San Jacinto County, Texas,10043.0,41614.0,60411.0,6680.0,54384.0,73069.0,28180.0,24134.0,2598.0,218.0,9.0,10.0,27895.0,4238.0,15.2,none,0.0,3.5,9.2,13.1,73.6,66.2,76.0,10043.0,0.7,19.4,84.5,41614.0,22614.0,0.8,1.8,0.0,2.79,28180.0,6.4,19.5,9.3,85.6,74.7,8.0,0.0,0.0,1.0,47.16,48407,58.24415471080955
48409,67008.0,35.5,101.6,27.0,73.0,14.6,San Patricio County, Texas,22898.0,56556.0,74270.0,16848.0,63337.0,82424.0,67008.0,61845.0,1171.0,211.0,676.0,44.0,66137.0,10516.0,15.9,none,1.0,3.42,1.7,57.8,72.2,67.5,79.9,22898.0,4.4,31.7,79.9,56556.0,26180.0,0.3,2.2,0.1,2.89,67008.0,4.8,16.8,8.8,92.3,38.4,2.0,1.0,0.0,0.0,46.505,48409,62.14449344732279
48411,5991.0,42.4,105.6,20.8,79.2,23.1,San Saba County, Texas,2082.0,45083.0,64486.0,1329.0,58582.0,71987.0,5991.0,5101.0,121.0,0.0,9.0,0.0,5308.0,742.0,14.0,none,0.2,3.28,2.0,30.1,75.9,61.9,71.4,2082.0,7.2,31.6,74.8,45083.0,23253.0,0.0,7.8,0.0,2.54,5991.0,1.8,18.6,8.2,85.1,64.2,7.0,0.0,0.0,0.0,41.84,48411,59.22917092304498
48413,2983.0,36.2,101.8,26.4,73.6,18.8,Schleicher County, Texas,1075.0,53229.0,61890.0,669.0,66975.0,72099.0,2983.0,1853.0,16.0,0.0,0.0,11.0,2983.0,467.0,15.7,none,0.0,3.65,0.5,53.0,64.6,68.4,73.9,1075.0,7.8,21.1,79.6,53229.0,26524.0,0.0,36.8,0.4,2.77,2983.0,11.6,21.6,3.2,62.1,46.1,8.0,0.0,0.0,1.0,43.13,48413,55.2335705364432
48415,17096.0,36.4,118.6,25.1,74.9,15.1,Scurry County, Texas,5941.0,54326.0,69818.0,4004.0,67450.0,80722.0,17096.0,14721.0,792.0,39.0,51.0,0.0,15087.0,2173.0,14.4,none,0.3,3.13,4.6,40.4,73.5,63.8,79.1,5941.0,2.2,24.8,78.7,54326.0,27681.0,0.2,5.9,0.0,2.55,17096.0,3.1,18.9,6.2,86.1,52.8,7.0,0.0,0.0,0.0,43.465,48415,54.82681995767245
48417,3296.0,43.0,113.2,23.4,76.6,19.2,Shackelford County, Texas,1317.0,46935.0,60781.0,870.0,55500.0,71794.0,3296.0,3158.0,7.0,11.0,8.0,0.0,3270.0,436.0,13.3,none,0.2,3.06,0.2,11.5,77.6,65.5,76.8,1317.0,0.2,20.4,86.4,46935.0,26200.0,0.3,0.9,0.0,2.48,3296.0,5.4,12.8,9.1,95.8,85.4,8.0,0.0,0.0,1.0,43.36,48417,68.57308982657462
48419,25349.0,38.0,98.6,26.2,73.8,17.4,Shelby County, Texas,9293.0,42522.0,57887.0,6756.0,49894.0,65621.0,25349.0,19732.0,4847.0,242.0,114.0,0.0,25111.0,5685.0,22.6,comprehensive,0.4,3.24,19.1,18.3,68.7,56.5,70.2,9293.0,4.3,26.4,76.4,42522.0,22658.0,1.0,1.1,0.0,2.71,25349.0,7.9,21.7,6.1,77.8,61.6,7.0,0.0,0.0,0.0,48.725,48419,77.33770896637506
48421,3059.0,40.1,109.1,22.6,77.4,13.3,Sherman County, Texas,1019.0,51926.0,82530.0,754.0,63194.0,94957.0,3059.0,2702.0,37.0,12.0,0.0,0.0,3022.0,448.0,14.8,none,0.0,3.47,1.2,44.6,76.8,62.4,75.1,1019.0,7.6,27.4,79.0,51926.0,28307.0,0.4,5.8,0.0,2.97,3059.0,1.0,20.6,6.3,88.3,53.4,9.0,0.0,0.0,0.0,45.23,48421,62.07913440812285
48423,227449.0,36.6,93.3,24.6,75.4,16.2,Smith County, Texas,77678.0,56810.0,77878.0,53919.0,69572.0,90997.0,227449.0,174650.0,39690.0,795.0,3868.0,212.0,222154.0,34116.0,15.4,none,1.7,3.44,17.5,19.5,80.7,64.8,82.3,77678.0,3.9,33.6,85.8,56810.0,27384.0,0.3,1.8,0.1,2.86,227449.0,5.2,16.3,6.9,76.8,59.7,3.0,1.0,0.0,0.0,39.25,48423,62.00130442668539
48425,8860.0,41.0,100.8,22.5,77.5,18.3,Somervell County, Texas,3123.0,60632.0,79424.0,2545.0,64464.0,86331.0,8860.0,7865.0,105.0,115.0,24.0,68.0,8623.0,2017.0,23.4,none,0.3,2.97,1.2,18.6,77.6,79.7,79.3,3123.0,1.3,19.7,89.6,60632.0,30157.0,1.3,7.6,0.8,2.73,8860.0,4.6,13.6,6.9,88.8,79.1,1.0,1.0,1.0,0.0,40.655,48425,57.2854004798338
48427,64078.0,28.8,94.8,33.0,67.0,11.2,Starr County, Texas,16188.0,30387.0,47269.0,12969.0,33231.0,51888.0,64078.0,61060.0,49.0,39.0,10.0,0.0,63419.0,22015.0,34.7,none,0.0,4.54,0.1,99.2,56.1,47.3,75.6,16188.0,35.0,24.9,53.3,30387.0,14038.0,0.1,4.2,0.0,3.92,64078.0,13.1,34.8,1.5,95.3,0.7,4.0,0.0,0.0,1.0,56.645,48427,54.267916733974815
48429,9364.0,39.4,107.8,22.6,77.4,19.5,Stephens County, Texas,3247.0,46232.0,64763.0,2283.0,52639.0,69473.0,9364.0,8441.0,265.0,60.0,31.0,0.0,8910.0,1835.0,20.6,none,0.3,3.33,2.8,23.7,75.8,64.7,78.7,3247.0,1.5,17.9,78.5,46232.0,22206.0,0.6,2.8,0.0,2.75,9364.0,6.4,19.2,6.7,90.1,71.1,7.0,0.0,0.0,0.0,44.985,48429,73.0942682542936
48431,1231.0,40.8,122.6,34.4,65.6,12.7,Sterling County, Texas,458.0,59868.0,73677.0,357.0,70884.0,82907.0,1231.0,1122.0,0.0,0.0,0.0,0.0,1194.0,29.0,2.4,none,0.0,3.01,0.0,52.1,85.6,80.6,86.0,458.0,4.8,14.4,89.4,59868.0,36827.0,0.0,7.9,0.0,2.61,1231.0,2.2,22.9,4.7,91.1,47.0,8.0,0.0,0.0,1.0,46.525,48431,57.10905139371218
48433,1476.0,47.1,95.2,27.0,73.0,20.3,Stonewall County, Texas,580.0,51250.0,62955.0,374.0,70385.0,79617.0,1476.0,1363.0,30.0,38.0,0.0,0.0,1422.0,169.0,11.9,none,0.0,3.2,2.0,21.3,77.2,68.8,70.2,580.0,2.6,24.5,81.3,51250.0,25331.0,2.6,2.2,0.0,2.46,1476.0,3.0,14.0,9.4,92.3,75.9,9.0,0.0,0.0,0.0,43.08,48433,65.55691066446734
48435,3824.0,38.6,117.4,26.4,73.6,18.1,Sutton County, Texas,1412.0,54306.0,66252.0,996.0,60792.0,74093.0,3824.0,2395.0,3.0,14.0,0.0,6.0,3807.0,531.0,13.9,none,0.0,3.35,0.1,65.6,52.4,55.5,70.0,1412.0,10.7,30.8,73.9,54306.0,30298.0,0.4,36.8,0.2,2.69,3824.0,8.1,17.8,10.2,62.6,34.1,7.0,0.0,0.0,0.0,45.875,48435,65.34567342194077
48437,7432.0,35.9,119.9,25.2,74.8,18.4,Swisher County, Texas,2505.0,39771.0,54469.0,1717.0,47043.0,63099.0,7432.0,6222.0,448.0,241.0,12.0,5.0,6783.0,1706.0,25.2,none,0.2,3.34,6.0,44.0,75.4,61.4,74.8,2505.0,9.8,29.0,73.3,39771.0,21851.0,3.2,1.8,0.1,2.7,7432.0,6.4,20.2,5.3,83.7,46.2,6.0,0.0,0.0,1.0,45.23,48437,64.89391279588708
48439,2049770.0,34.4,95.8,26.5,73.5,11.0,Tarrant County, Texas,708252.0,67700.0,92653.0,495825.0,79859.0,105859.0,2049770.0,1374182.0,338378.0,10343.0,111274.0,3946.0,2023452.0,241703.0,11.9,none,5.4,3.44,16.5,28.8,86.9,80.6,87.6,708252.0,6.3,39.5,86.1,67700.0,33326.0,0.5,7.1,0.2,2.86,2049770.0,4.3,16.1,7.2,67.0,46.7,1.0,1.0,0.0,0.0,39.465,48439,65.65833813876074
48441,136870.0,32.5,95.2,24.8,75.2,14.2,Taylor County, Texas,49868.0,53143.0,71506.0,32740.0,65192.0,83594.0,136870.0,104989.0,10946.0,1033.0,3002.0,44.0,130580.0,19764.0,15.1,none,2.2,3.18,8.0,24.4,77.1,72.4,81.5,49868.0,2.4,41.6,89.3,53143.0,26504.0,0.8,9.8,0.0,2.61,136870.0,2.7,14.0,10.7,76.7,63.4,3.0,1.0,0.0,0.0,40.505,48441,65.69534483965516
48443,896.0,55.2,89.4,15.1,84.9,32.7,Terrell County, Texas,418.0,43208.0,53102.0,253.0,54485.0,68258.0,896.0,592.0,10.0,3.0,0.0,0.0,896.0,84.0,9.4,none,0.0,2.85,1.1,56.7,58.4,68.4,65.8,418.0,1.0,6.9,86.5,43208.0,24069.0,0.3,30.0,0.0,2.14,896.0,1.0,9.5,9.7,66.1,39.4,9.0,0.0,0.0,0.0,43.445,48443,56.08796771383766
48445,12528.0,34.6,105.1,27.5,72.5,15.1,Terry County, Texas,4061.0,44627.0,62202.0,2875.0,49328.0,69028.0,12528.0,11418.0,609.0,18.0,2.0,0.0,11511.0,2208.0,19.2,none,0.0,3.47,4.9,55.0,70.7,58.4,77.0,4061.0,10.7,30.4,68.4,44627.0,22037.0,0.1,2.3,0.0,2.84,12528.0,5.5,23.1,4.2,91.1,39.5,6.0,0.0,0.0,1.0,48.015,48445,66.54364052569423
48447,1436.0,52.3,84.6,16.0,84.0,28.0,Throckmorton County, Texas,668.0,40000.0,61731.0,424.0,59853.0,79028.0,1436.0,1404.0,14.0,0.0,0.0,0.0,1432.0,241.0,16.8,none,0.0,2.73,1.0,13.2,71.6,63.3,69.6,668.0,0.3,27.1,86.6,40000.0,26167.0,0.0,0.3,0.0,2.14,1436.0,5.8,15.9,7.9,97.8,84.8,9.0,0.0,0.0,0.0,45.260000000000005,48447,61.83370886486833
48449,32640.0,34.1,96.9,28.9,71.1,14.0,Titus County, Texas,10893.0,50196.0,62814.0,8437.0,54719.0,67867.0,32640.0,22968.0,2926.0,289.0,357.0,12.0,32241.0,5700.0,17.7,none,1.1,3.42,9.0,43.0,73.9,57.9,74.9,10893.0,6.8,33.0,76.7,50196.0,25174.0,0.9,16.4,0.0,2.98,32640.0,3.6,18.1,7.5,70.4,45.2,7.0,0.0,0.0,0.0,44.99,48449,68.80446014707613
48451,117986.0,34.1,99.0,23.8,76.2,15.1,Tom Green County, Texas,43314.0,53903.0,75019.0,27669.0,68942.0,89232.0,117986.0,102396.0,5015.0,467.0,1524.0,79.0,112042.0,15164.0,13.5,none,1.3,3.25,4.3,39.9,78.1,71.7,78.0,43314.0,3.5,36.5,86.3,53903.0,27568.0,0.4,5.2,0.1,2.58,117986.0,3.4,13.7,10.7,86.8,53.3,3.0,1.0,0.0,0.0,41.78,48451,61.98923048016552
48453,1226805.0,34.2,102.1,22.0,78.0,9.5,Travis County, Texas,472361.0,75887.0,108994.0,269295.0,96847.0,132559.0,1226805.0,889046.0,101955.0,7716.0,82257.0,650.0,1201757.0,143785.0,12.0,none,6.7,3.25,8.3,33.8,88.2,85.9,88.4,472361.0,6.0,47.6,89.3,75887.0,39860.0,0.6,8.2,0.1,2.54,1226805.0,3.5,13.1,5.4,72.5,49.0,1.0,1.0,0.0,0.0,34.44,48453,52.34542399577066
48455,14620.0,48.6,92.4,20.4,79.6,26.2,Trinity County, Texas,6030.0,41357.0,58110.0,4118.0,50823.0,68242.0,14620.0,12557.0,1454.0,18.0,5.0,0.0,14449.0,2244.0,15.5,none,0.0,2.92,9.9,10.0,65.2,57.4,70.9,6030.0,1.2,22.6,83.1,41357.0,23576.0,0.1,2.1,0.0,2.4,14620.0,7.9,19.9,13.2,85.9,78.4,7.0,0.0,0.0,0.0,47.375,48455,63.6965134797444
48457,21518.0,42.4,119.1,19.3,80.7,21.6,Tyler County, Texas,7100.0,44497.0,56879.0,4774.0,60565.0,68266.0,21518.0,18209.0,2305.0,23.0,70.0,0.0,18844.0,3114.0,16.5,none,0.3,3.27,10.7,7.7,68.5,60.0,69.2,7100.0,0.1,16.0,82.0,44497.0,22214.0,0.1,1.9,0.0,2.66,21518.0,12.7,16.9,10.0,84.6,79.0,6.0,0.0,0.0,1.0,45.8,48457,69.09427734707293
48459,41018.0,41.4,96.5,23.9,76.1,17.9,Upshur County, Texas,14108.0,52162.0,68387.0,10041.0,64243.0,78263.0,41018.0,35529.0,3370.0,210.0,128.0,0.0,40377.0,6471.0,16.0,comprehensive,0.3,3.45,8.2,8.6,78.9,69.3,75.0,14108.0,1.3,21.2,85.8,52162.0,26279.0,0.5,2.4,0.0,2.87,41018.0,5.0,16.7,8.6,86.6,80.4,3.0,1.0,1.0,0.0,45.605,48459,66.86013676751799
48461,3659.0,39.6,108.1,26.2,73.8,16.7,Upton County, Texas,1332.0,52171.0,65771.0,863.0,71679.0,82534.0,3659.0,1648.0,220.0,21.0,26.0,0.0,3591.0,505.0,14.1,none,0.7,3.5,6.0,53.7,49.8,54.2,70.6,1332.0,10.4,27.0,75.6,52171.0,28795.0,0.6,47.6,0.0,2.7,3659.0,5.7,11.2,6.5,45.0,39.1,8.0,0.0,0.0,1.0,45.305,48461,69.81876937956426
48463,26920.0,33.7,96.0,27.1,72.9,16.7,Uvalde County, Texas,8841.0,41679.0,56889.0,6163.0,51662.0,66382.0,26920.0,25125.0,170.0,101.0,266.0,17.0,26410.0,4737.0,17.9,none,1.0,3.67,0.6,71.7,65.2,61.8,68.1,8841.0,9.8,26.7,75.8,41679.0,21037.0,0.4,3.9,0.1,2.99,26920.0,4.9,17.3,7.9,93.3,26.2,6.0,0.0,0.0,1.0,46.46,48463,54.72010735192988
48465,48969.0,31.8,104.3,28.5,71.5,14.1,Val Verde County, Texas,15779.0,46147.0,62498.0,11704.0,50597.0,67617.0,48969.0,45407.0,706.0,179.0,369.0,12.0,46976.0,9536.0,20.3,none,0.8,3.58,1.4,82.0,67.6,60.9,77.1,15779.0,12.3,36.5,68.2,46147.0,21541.0,0.4,3.8,0.0,2.98,48969.0,3.9,18.0,8.8,92.7,15.3,5.0,0.0,0.0,0.0,46.760000000000005,48465,58.76841702842136
48467,55103.0,42.8,96.6,23.2,76.8,20.0,Van Zandt County, Texas,20156.0,54654.0,74068.0,14699.0,64004.0,84423.0,55103.0,51331.0,1543.0,283.0,271.0,48.0,54084.0,7377.0,13.6,none,0.5,3.15,2.8,10.9,71.4,69.0,75.0,20156.0,2.1,22.0,84.6,54654.0,26570.0,0.5,1.1,0.1,2.7,55103.0,4.4,18.1,8.8,93.2,83.7,6.0,0.0,0.0,1.0,45.835,48467,70.63451449851055
48469,92109.0,35.9,95.8,25.5,74.5,15.8,Victoria County, Texas,32255.0,56834.0,78901.0,22412.0,68569.0,87603.0,92109.0,80546.0,5488.0,228.0,1067.0,71.0,90586.0,13620.0,15.0,none,1.2,3.37,6.0,46.9,70.7,65.3,78.8,32255.0,2.9,33.8,83.8,56834.0,27297.0,0.2,2.7,0.1,2.82,92109.0,5.6,16.8,8.2,87.4,44.7,3.0,1.0,0.0,0.0,42.21,48469,62.26152190189721
48471,72321.0,35.3,140.2,14.9,85.1,12.7,Walker County, Texas,21963.0,43742.0,57798.0,13125.0,64925.0,75193.0,72321.0,52800.0,16780.0,315.0,920.0,14.0,55013.0,12325.0,22.4,none,1.3,3.1,23.2,17.9,80.8,75.8,84.5,21963.0,2.7,48.6,86.0,43742.0,26411.0,0.4,0.6,0.0,2.5,72321.0,3.0,13.3,8.0,73.0,56.4,4.0,0.0,0.0,1.0,45.805,48471,58.71697438021111
48473,51832.0,28.9,99.4,24.2,75.8,11.6,Waller County, Texas,15171.0,59642.0,81912.0,10851.0,73884.0,93770.0,51832.0,30096.0,12911.0,449.0,530.0,25.0,47386.0,7827.0,16.5,none,1.0,3.67,24.9,30.1,70.6,68.5,82.3,15171.0,6.9,31.7,82.5,59642.0,25613.0,0.9,13.5,0.0,3.11,51832.0,4.1,20.3,4.7,58.1,42.9,1.0,1.0,1.0,0.0,47.445,48473,62.57881234352893
48475,11658.0,33.9,99.4,27.6,72.4,13.8,Ward County, Texas,3978.0,62986.0,73249.0,2822.0,68491.0,80844.0,11658.0,10052.0,469.0,172.0,111.0,0.0,11552.0,1446.0,12.5,partial,1.0,3.51,4.0,53.7,71.8,65.9,76.8,3978.0,7.6,28.5,78.6,62986.0,31467.0,1.5,5.8,0.0,2.9,11658.0,5.0,19.1,6.1,86.2,40.0,6.0,0.0,0.0,1.0,48.03,48475,63.75945994066525
48477,35163.0,41.5,96.7,21.9,78.1,21.0,Washington County, Texas,12625.0,54971.0,84243.0,8599.0,70543.0,98609.0,35163.0,27569.0,5805.0,88.0,582.0,38.0,32923.0,3959.0,12.0,none,1.7,3.23,16.5,16.1,73.6,66.2,70.2,12625.0,2.1,25.9,86.7,54971.0,28376.0,0.3,1.2,0.1,2.6,35163.0,4.9,11.6,7.8,78.4,64.0,6.0,0.0,1.0,1.0,44.44,48477,59.24236187275775
48479,273526.0,28.8,96.0,33.2,66.8,9.2,Webb County, Texas,74789.0,46475.0,63769.0,59936.0,49968.0,68110.0,273526.0,262244.0,1215.0,580.0,1387.0,31.0,270104.0,74264.0,27.5,none,0.5,4.13,0.4,95.5,66.9,60.1,73.6,74789.0,25.3,37.8,67.6,46475.0,21894.0,0.2,2.4,0.0,3.61,273526.0,4.1,27.7,2.7,95.9,3.5,2.0,1.0,0.0,0.0,49.335,48479,56.03290795340988
48481,41577.0,37.3,96.5,26.0,74.0,16.6,Wharton County, Texas,15199.0,48310.0,67704.0,10555.0,61433.0,79580.0,41577.0,33504.0,5944.0,25.0,142.0,0.0,40992.0,7212.0,17.6,none,0.3,3.34,14.3,41.4,69.8,58.4,72.0,15199.0,5.4,33.0,78.3,48310.0,26008.0,0.1,3.7,0.0,2.7,41577.0,5.0,18.8,6.0,80.6,44.5,4.0,0.0,0.0,1.0,47.215,48481,63.559351011934815
48483,5338.0,39.6,105.9,25.6,74.4,19.2,Wheeler County, Texas,2183.0,49315.0,65413.0,1518.0,55769.0,74339.0,5338.0,4678.0,171.0,15.0,3.0,0.0,5275.0,965.0,18.3,none,0.1,2.89,3.2,26.0,72.8,68.5,81.9,2183.0,5.0,33.4,80.2,49315.0,27031.0,0.3,4.9,0.0,2.42,5338.0,4.8,19.1,6.5,87.6,68.5,9.0,0.0,0.0,0.0,42.125,48483,61.32347970284366
48485,131596.0,34.5,108.2,22.4,77.6,14.5,Wichita County, Texas,48356.0,48650.0,63778.0,30464.0,63857.0,77992.0,131596.0,103920.0,13623.0,1307.0,3109.0,105.0,116584.0,19693.0,16.9,none,2.4,3.03,10.4,19.2,77.4,69.6,79.4,48356.0,2.4,39.7,86.6,48650.0,25448.0,1.0,3.8,0.1,2.41,131596.0,4.2,14.1,11.6,79.0,65.3,3.0,1.0,0.0,0.0,41.09,48485,69.48373953218099
48487,12833.0,39.4,95.4,22.4,77.6,18.5,Wilbarger County, Texas,5180.0,45302.0,59547.0,3252.0,54840.0,66778.0,12833.0,10017.0,1291.0,194.0,121.0,0.0,12447.0,2390.0,19.2,none,0.9,2.91,10.1,29.1,65.6,62.7,74.1,5180.0,2.7,39.3,77.2,45302.0,24911.0,1.5,7.3,0.0,2.34,12833.0,4.1,14.7,6.9,78.1,58.1,6.0,0.0,0.0,1.0,45.695,48487,75.63493770547002
48489,21588.0,33.0,117.5,24.1,75.9,13.7,Willacy County, Texas,5782.0,35521.0,47742.0,4524.0,39966.0,50842.0,21588.0,20975.0,138.0,144.0,0.0,0.0,20275.0,5468.0,27.0,none,0.0,4.08,0.6,88.2,60.2,52.8,76.0,5782.0,14.4,29.5,65.7,35521.0,16793.0,0.7,1.3,0.0,3.52,21588.0,12.4,27.6,3.5,97.2,11.2,6.0,0.0,0.0,1.0,53.445,48489,54.89308289267488
48491,547604.0,36.3,96.9,26.0,74.0,11.8,Williamson County, Texas,180160.0,87337.0,105671.0,129957.0,100844.0,118126.0,547604.0,436477.0,35054.0,1520.0,37395.0,413.0,542471.0,34818.0,6.4,comprehensive,6.8,3.55,6.4,24.4,92.6,89.3,88.9,180160.0,2.9,31.6,93.2,87337.0,39583.0,0.3,2.5,0.1,3.02,547604.0,4.2,9.3,8.6,79.7,59.4,1.0,1.0,1.0,0.0,37.05,48491,53.896104186782495
48493,49173.0,40.2,101.1,24.5,75.5,15.4,Wilson County, Texas,15733.0,76692.0,96088.0,12511.0,88764.0,107164.0,49173.0,45548.0,690.0,182.0,173.0,40.0,48484.0,4652.0,9.6,none,0.4,3.47,1.4,39.7,82.7,74.9,86.1,15733.0,3.5,15.6,87.6,76692.0,32643.0,0.4,1.9,0.1,3.09,49173.0,4.7,12.9,12.4,92.6,57.0,1.0,1.0,1.0,0.0,43.64,48493,58.73283476924308
48495,7867.0,33.1,106.1,29.9,70.1,11.5,Winkler County, Texas,2619.0,60366.0,71503.0,1852.0,62958.0,75730.0,7867.0,6909.0,393.0,114.0,0.0,0.0,7767.0,1167.0,15.0,none,0.0,3.63,5.0,61.0,73.3,64.3,77.5,2619.0,9.7,20.4,69.2,60366.0,28788.0,1.4,2.2,0.0,2.97,7867.0,3.4,20.7,5.5,87.8,35.1,6.0,0.0,0.0,1.0,49.36,48495,68.4498617656689
48497,66290.0,38.3,101.6,24.8,75.2,14.9,Wise County, Texas,22369.0,64536.0,82046.0,16853.0,75083.0,92228.0,66290.0,61993.0,948.0,301.0,338.0,132.0,65110.0,6983.0,10.7,none,0.5,3.39,1.4,19.3,77.5,73.3,83.6,22369.0,4.3,22.1,85.3,64536.0,29858.0,0.5,1.6,0.2,2.92,66290.0,4.0,17.9,9.7,93.5,76.8,1.0,1.0,1.0,0.0,44.505,48497,68.05167488246518
48499,44366.0,47.9,98.9,19.4,80.6,26.7,Wood County, Texas,16510.0,53394.0,70971.0,11642.0,64187.0,83430.0,44366.0,39622.0,2224.0,397.0,286.0,37.0,42759.0,6257.0,14.6,comprehensive,0.6,3.13,5.0,10.0,77.5,73.2,75.0,16510.0,1.1,19.8,84.7,53394.0,25192.0,0.9,2.6,0.1,2.59,44366.0,5.4,13.1,11.6,89.3,82.5,6.0,0.0,1.0,1.0,44.98,48499,67.04172083413498
48501,8631.0,30.3,107.9,33.0,67.0,11.5,Yoakum County, Texas,2617.0,70005.0,80243.0,1985.0,73576.0,91951.0,8631.0,8311.0,38.0,15.0,4.0,0.0,8631.0,726.0,8.4,none,0.0,3.96,0.4,66.5,75.0,58.7,86.1,2617.0,15.2,22.0,63.5,70005.0,34598.0,0.2,1.6,0.0,3.3,8631.0,4.6,27.9,2.7,96.3,31.8,7.0,0.0,0.0,0.0,46.915000000000006,48501,56.44708752802909
48503,18036.0,41.1,95.0,24.3,75.7,20.4,Young County, Texas,7307.0,50635.0,67391.0,5178.0,66381.0,80689.0,18036.0,17264.0,379.0,134.0,48.0,0.0,17715.0,2183.0,12.3,none,0.3,2.86,2.1,18.7,75.0,65.1,76.7,7307.0,7.0,24.4,83.0,50635.0,27199.0,0.7,0.8,0.0,2.43,18036.0,3.8,19.4,8.9,95.7,77.9,7.0,0.0,0.0,0.0,44.150000000000006,48503,65.10693417715055
48505,14304.0,29.5,98.4,33.5,66.5,13.8,Zapata County, Texas,4503.0,33952.0,60551.0,3284.0,42396.0,72069.0,14304.0,13405.0,0.0,0.0,112.0,0.0,14149.0,4888.0,34.5,none,0.8,3.77,0.0,94.4,58.6,44.9,75.7,4503.0,29.2,25.2,61.9,33952.0,17256.0,0.0,5.1,0.0,3.17,14304.0,9.8,28.5,4.3,93.7,4.6,6.0,0.0,0.0,1.0,54.620000000000005,48505,51.92844390159637
48507,12039.0,32.9,106.9,29.5,70.5,13.8,Zavala County, Texas,3571.0,34459.0,41014.0,2881.0,36275.0,44519.0,12039.0,11469.0,40.0,0.0,11.0,0.0,11875.0,4011.0,33.8,none,0.1,3.75,0.3,93.9,52.4,41.5,62.2,3571.0,12.0,28.0,66.9,34459.0,15223.0,0.0,3.6,0.0,3.33,12039.0,7.2,16.0,4.5,95.3,5.1,7.0,0.0,0.0,0.0,50.93,48507,59.65349275995408
